post_office_name,post_code,thana_upazila,district,division,phone_number,officer_in_charge,designation,source
Amtali,8710,Amtali,Barguna,Barisal,N/A,N/A,N/A,Not Found
Bamna,8730,Bamna,Barguna,Barisal,N/A,N/A,N/A,Not Found
Barguna Sadar,8700,Barguna Sadar,Barguna,Barisal,N/A,N/A,N/A,Not Found
Nali Bandar,8701,Barguna Sadar,Barguna,Barisal,01748-907156,N/A,N/A,Google Maps Browser
Betagi,8740,Betagi,Barguna,Barisal,N/A,N/A,N/A,Not Found
Darul Ulam,8741,Betagi,Barguna,Barisal,01733-348080,N/A,N/A,Google Maps Browser
Kakchira,8721,Patharghata,Barguna,Barisal,N/A,N/A,N/A,Not Found
Patharghata,8720,Patharghata,Barguna,Barisal,N/A,N/A,N/A,Not Found
Agailzhara,8240,Agailzhara,Barisal,Barisal,0431-64892,N/A,N/A,Google Maps Browser
Gaila,8241,Agailzhara,Barisal,Barisal,0431-64892,N/A,N/A,Google Maps Browser
Paisarhat,8242,Agailzhara,Barisal,Barisal,01721-654597,N/A,N/A,Google Maps Browser
Babuganj,8210,Babuganj,Barisal,Barisal,N/A,N/A,N/A,Not Found
Barisal Cadet,8216,Babuganj,Barisal,Barisal,N/A,N/A,N/A,Not Found
Chandpasha,8212,Babuganj,Barisal,Barisal,0431-64892,N/A,N/A,Google Maps Browser
Madhabpasha,8213,Babuganj,Barisal,Barisal,0431-64892,N/A,N/A,Google Maps Browser
Nizamuddin College,8215,Babuganj,Barisal,Barisal,0431-64892,N/A,N/A,Google Maps Browser
Rahamatpur,8211,Babuganj,Barisal,Barisal,0431-64892,N/A,N/A,Google Maps Browser
Thakur Mallik,8214,Babuganj,Barisal,Barisal,0431-64892,N/A,N/A,Google Maps Browser
Barajalia,8260,Barajalia,Barisal,Barisal,0431-64892,N/A,N/A,Google Maps Browser
Osman Manjil,8261,Barajalia,Barisal,Barisal,0431-64892,N/A,N/A,Google Maps Browser
Kashipur,8205,Barisal Sadar,Barisal,Barisal,01727-223292,N/A,N/A,Google Maps Browser
Barisal Sadar,8200,Barisal Sadar,Barisal,Barisal,0431-64892,N/A,N/A,Google Maps Browser
Jaguarhat,8206,Barisal Sadar,Barisal,Barisal,0431-64892,N/A,N/A,Google Maps Browser
Bukhainagar,8201,Barisal Sadar,Barisal,Barisal,0431-64892,N/A,N/A,Google Maps Browser
Saheberhat,8202,Barisal Sadar,Barisal,Barisal,0431-64892,N/A,N/A,Google Maps Browser
Sugandia,8203,Barisal Sadar,Barisal,Barisal,0431-64892,N/A,N/A,Google Maps Browser
Patang,8204,Barisal Sadar,Barisal,Barisal,0431-64892,N/A,N/A,Google Maps Browser
Batajor,8233,Gouranadi,Barisal,Barisal,N/A,N/A,N/A,Not Found
Gouranadi,8230,Gouranadi,Barisal,Barisal,N/A,N/A,N/A,Not Found
Langutia,8274,Mahendiganj,Barisal,Barisal,0431-64892,N/A,N/A,Google Maps Browser
Kashemabad,8232,Gouranadi,Barisal,Barisal,N/A,N/A,N/A,Not Found
Tarki Bandar,8231,Gouranadi,Barisal,Barisal,0431-64892,N/A,N/A,Google Maps Browser
Laskarpur,8271,Mahendiganj,Barisal,Barisal,0431-64892,N/A,N/A,Google Maps Browser
Mahendiganj,8270,Mahendiganj,Barisal,Barisal,0431-64892,N/A,N/A,Google Maps Browser
Nalgora,8273,Mahendiganj,Barisal,Barisal,0431-64892,N/A,N/A,Google Maps Browser
Ulania,8272,Mahendiganj,Barisal,Barisal,N/A,N/A,N/A,Not Found
Charkalekhan,8252,Muladi,Barisal,Barisal,0431-64892,N/A,N/A,Google Maps Browser
Kazirchar,8251,Muladi,Barisal,Barisal,01738-123771,N/A,N/A,Google Maps Browser
Muladi,8250,Muladi,Barisal,Barisal,N/A,N/A,N/A,Not Found
Charamandi,8281,Sahebganj,Barisal,Barisal,0431-64892,N/A,N/A,Google Maps Browser
kalaskati,8284,Sahebganj,Barisal,Barisal,0431-64892,N/A,N/A,Google Maps Browser
Padri Shibpur,8282,Sahebganj,Barisal,Barisal,0431-64892,N/A,N/A,Google Maps Browser
Sahebganj,8280,Sahebganj,Barisal,Barisal,0431-64892,N/A,N/A,Google Maps Browser
Shialguni,8283,Sahebganj,Barisal,Barisal,0431-64892,N/A,N/A,Google Maps Browser
Dakuarhat,8223,Uzirpur,Barisal,Barisal,0431-64892,N/A,N/A,Google Maps Browser
Dhamura,8221,Uzirpur,Barisal,Barisal,N/A,N/A,N/A,Not Found
Jugirkanda,8222,Uzirpur,Barisal,Barisal,N/A,N/A,N/A,Not Found
Shikarpur,8224,Uzirpur,Barisal,Barisal,0431-64892,N/A,N/A,Google Maps Browser
Uzirpur,8220,Uzirpur,Barisal,Barisal,0431-64892,N/A,N/A,Google Maps Browser
Bhola Sadar,8300,Bhola Sadar,Bhola,Barisal,01710-495991,N/A,N/A,Google Maps Browser
Borhanuddin UPO,8320,Borhanuddin UPO,Bhola,Barisal,01710-281368,N/A,N/A,Google Maps Browser
Charfashion,8340,Charfashion,Bhola,Barisal,01710-495991,N/A,N/A,Google Maps Browser
Joynagar,8301,Bhola Sadar,Bhola,Barisal,01710-495991,N/A,N/A,Google Maps Browser
Mirzakalu,8321,Borhanuddin UPO,Bhola,Barisal,01710-495991,N/A,N/A,Google Maps Browser
Hajipur,8311,Doulatkhan,Bhola,Barisal,01710-495991,N/A,N/A,Google Maps Browser
Dularhat,8341,Charfashion,Bhola,Barisal,N/A,N/A,N/A,Not Found
Keramatganj,8342,Charfashion,Bhola,Barisal,01710-495991,N/A,N/A,Google Maps Browser
Doulatkhan,8310,Doulatkhan,Bhola,Barisal,01710-495991,N/A,N/A,Google Maps Browser
Daurihat,8331,Lalmohan UPO,Bhola,Barisal,01710-495991,N/A,N/A,Google Maps Browser
Hajirhat,8360,Hajirhat,Bhola,Barisal,N/A,N/A,N/A,Not Found
Hatshoshiganj,8350,Hatshoshiganj,Bhola,Barisal,01710-495991,N/A,N/A,Google Maps Browser
Gazaria,8332,Lalmohan UPO,Bhola,Barisal,01710-495991,N/A,N/A,Google Maps Browser
Baukathi,8402,Jhalokathi Sadar,Jhalokathi,Barisal,01305-385454,N/A,N/A,Google Maps Browser
Lalmohan UPO,8330,Lalmohan UPO,Bhola,Barisal,01717-505868,N/A,N/A,Google Maps Browser
Jhalokathi Sadar,8400,Jhalokathi Sadar,Jhalokathi,Barisal,01305-385454,N/A,N/A,Google Maps Browser
Gabha,8403,Jhalokathi Sadar,Jhalokathi,Barisal,01305-385454,N/A,N/A,Google Maps Browser
Shekherhat,8404,Jhalokathi Sadar,Jhalokathi,Barisal,N/A,N/A,N/A,Not Found
Nabagram,8401,Jhalokathi Sadar,Jhalokathi,Barisal,01305-385454,N/A,N/A,Google Maps Browser
Amua,8431,Kathalia,Jhalokathi,Barisal,01305-385454,N/A,N/A,Google Maps Browser
Kathalia,8430,Kathalia,Jhalokathi,Barisal,01305-385454,N/A,N/A,Google Maps Browser
Niamatee,8432,Kathalia,Jhalokathi,Barisal,01305-385454,N/A,N/A,Google Maps Browser
Shoulajalia,8433,Kathalia,Jhalokathi,Barisal,01305-385454,N/A,N/A,Google Maps Browser
Nalchhiti,8420,Nalchhiti,Jhalokathi,Barisal,N/A,N/A,N/A,Not Found
Beerkathi,8421,Nalchhiti,Jhalokathi,Barisal,01305-385454,N/A,N/A,Google Maps Browser
Rajapur,8410,Rajapur,Jhalokathi,Barisal,N/A,N/A,N/A,Not Found
Bagabandar,8621,Bauphal,Patuakhali,Barisal,0431-52513,N/A,N/A,Google Maps Browser
Birpasha,8622,Bauphal,Patuakhali,Barisal,0431-52513,N/A,N/A,Google Maps Browser
Bauphal,8620,Bauphal,Patuakhali,Barisal,N/A,N/A,N/A,Not Found
Kalishari,8623,Bauphal,Patuakhali,Barisal,0431-52513,N/A,N/A,Google Maps Browser
Galachipa,8640,Galachipa,Patuakhali,Barisal,N/A,N/A,N/A,Not Found
Kalaia,8624,Bauphal,Patuakhali,Barisal,0431-52513,N/A,N/A,Google Maps Browser
Dashmina,8630,Dashmina,Patuakhali,Barisal,0431-52513,N/A,N/A,Google Maps Browser
Mahipur,8651,Khepupara,Patuakhali,Barisal,0431-52513,N/A,N/A,Google Maps Browser
Dumkee,8602,Patuakhali Sadar,Patuakhali,Barisal,N/A,N/A,N/A,Not Found
Khepupara,8650,Khepupara,Patuakhali,Barisal,N/A,N/A,N/A,Not Found
Gazipur Bandar,8641,Galachipa,Patuakhali,Barisal,N/A,N/A,N/A,Not Found
Patuakhali Sadar,8600,Patuakhali Sadar,Patuakhali,Barisal,N/A,N/A,N/A,Not Found
Moukaran,8601,Patuakhali Sadar,Patuakhali,Barisal,0431-52513,N/A,N/A,Google Maps Browser
Subidkhali,8610,Subidkhali,Patuakhali,Barisal,N/A,N/A,N/A,Not Found
Rahimabad,8603,Patuakhali Sadar,Patuakhali,Barisal,0431-52513,N/A,N/A,Google Maps Browser
Banaripara,8530,Banaripara,Pirojpur,Barisal,01741-690050,N/A,N/A,Google Maps Browser
Bhandaria,8550,Bhandaria,Pirojpur,Barisal,01703-557048,N/A,N/A,Google Maps Browser
Chakhar,8531,Banaripara,Pirojpur,Barisal,0431-52513,N/A,N/A,Google Maps Browser
Dhaoa,8552,Bhandaria,Pirojpur,Barisal,0431-52513,N/A,N/A,Google Maps Browser
Kanudashkathi,8551,Bhandaria,Pirojpur,Barisal,0431-52513,N/A,N/A,Google Maps Browser
Joykul,8512,kaukhali,Pirojpur,Barisal,N/A,N/A,N/A,Not Found
Jolagati,8513,kaukhali,Pirojpur,Barisal,0431-52513,N/A,N/A,Google Maps Browser
Kaukhali,8510,kaukhali,Pirojpur,Barisal,0431-52513,N/A,N/A,Google Maps Browser
Keundia,8511,kaukhali,Pirojpur,Barisal,0431-52513,N/A,N/A,Google Maps Browser
Gulishakhali,8563,Mathbaria,Pirojpur,Barisal,0431-52513,N/A,N/A,Google Maps Browser
Betmor Natun Hat,8565,Mathbaria,Pirojpur,Barisal,0431-52513,N/A,N/A,Google Maps Browser
Halta,8562,Mathbaria,Pirojpur,Barisal,0431-52513,N/A,N/A,Google Maps Browser
Mathbaria,8560,Mathbaria,Pirojpur,Barisal,01334-640445,N/A,N/A,Google Maps Browser
Shilarganj,8566,Mathbaria,Pirojpur,Barisal,0431-52513,N/A,N/A,Google Maps Browser
Tiarkhali,8564,Mathbaria,Pirojpur,Barisal,0431-52513,N/A,N/A,Google Maps Browser
Tushkhali,8561,Mathbaria,Pirojpur,Barisal,N/A,N/A,N/A,Not Found
Nazirpur,8540,Nazirpur,Pirojpur,Barisal,N/A,N/A,N/A,Not Found
Hularhat,8501,Pirojpur Sadar,Pirojpur,Barisal,N/A,N/A,N/A,Not Found
Sriramkathi,8541,Nazirpur,Pirojpur,Barisal,0431-52513,N/A,N/A,Google Maps Browser
Parerhat,8502,Pirojpur Sadar,Pirojpur,Barisal,0431-52513,N/A,N/A,Google Maps Browser
Pirojpur Sadar,8500,Pirojpur Sadar,Pirojpur,Barisal,0431-52513,N/A,N/A,Google Maps Browser
Darus Sunnat,8521,Swarupkathi,Pirojpur,Barisal,0431-52513,N/A,N/A,Google Maps Browser
Jalabari,8523,Swarupkathi,Pirojpur,Barisal,N/A,N/A,N/A,Not Found
Kaurikhara,8522,Swarupkathi,Pirojpur,Barisal,01719-275098,N/A,N/A,Google Maps Browser
Alikadam,4650,Alikadam,Bandarban,Chittagong,N/A,N/A,N/A,Not Found
Swarupkathi,8520,Swarupkathi,Pirojpur,Barisal,N/A,N/A,N/A,Not Found
Bandarban Sadar,4600,Bandarban Sadar,Bandarban,Chittagong,N/A,N/A,N/A,Not Found
Naikhong,4660,Naikhong,Bandarban,Chittagong,N/A,N/A,N/A,Not Found
Roanchhari,4610,Roanchhari,Bandarban,Chittagong,01845-402873,N/A,N/A,Google Maps Browser
Ruma,4620,Ruma,Bandarban,Chittagong,N/A,N/A,N/A,Not Found
Thanchi,4630,Thanchi,Bandarban,Chittagong,N/A,N/A,N/A,Not Found
Lama,4641,Thanchi,Bandarban,Chittagong,N/A,N/A,N/A,Not Found
Azampur,3451,Akhaura,Brahmanbaria,Chittagong,N/A,N/A,N/A,Not Found
Akhaura,3450,Akhaura,Brahmanbaria,Chittagong,N/A,N/A,N/A,Not Found
Gangasagar,3452,Akhaura,Brahmanbaria,Chittagong,01713-625079,N/A,N/A,Google Maps Browser
Banchharampur,3420,Banchharampur,Brahmanbaria,Chittagong,N/A,N/A,N/A,Not Found
Ashuganj,3402,Brahamanbaria Sadar,Brahmanbaria,Chittagong,N/A,N/A,N/A,Not Found
Ashuganj Share,3403,Brahamanbaria Sadar,Brahmanbaria,Chittagong,N/A,N/A,N/A,Not Found
Poun,3404,Brahamanbaria Sadar,Brahmanbaria,Chittagong,01535-020554,N/A,N/A,Google Maps Browser
Brahamanbaria Sadar,3400,Brahamanbaria Sadar,Brahmanbaria,Chittagong,01535-020554,N/A,N/A,Google Maps Browser
Chandidar,3462,Kasba,Brahmanbaria,Chittagong,01535-020554,N/A,N/A,Google Maps Browser
Talshahar,3401,Brahamanbaria Sadar,Brahmanbaria,Chittagong,N/A,N/A,N/A,Not Found
Chargachh,3463,Kasba,Brahmanbaria,Chittagong,N/A,N/A,N/A,Not Found
Gopinathpur,3464,Kasba,Brahmanbaria,Chittagong,01535-020554,N/A,N/A,Google Maps Browser
Kasba,3460,Kasba,Brahmanbaria,Chittagong,01784-580105,N/A,N/A,Google Maps Browser
Kuti,3461,Kasba,Brahmanbaria,Chittagong,01792-502327,N/A,N/A,Google Maps Browser
Jibanganj,3419,Nabinagar,Brahmanbaria,Chittagong,01535-020554,N/A,N/A,Google Maps Browser
Kaitala,3417,Nabinagar,Brahmanbaria,Chittagong,N/A,N/A,N/A,Not Found
Laubfatehpur,3411,Nabinagar,Brahmanbaria,Chittagong,01535-020554,N/A,N/A,Google Maps Browser
Ratanpur,3414,Nabinagar,Brahmanbaria,Chittagong,01535-020554,N/A,N/A,Google Maps Browser
Nabinagar,3410,Nabinagar,Brahmanbaria,Chittagong,01866-916259,N/A,N/A,Google Maps Browser
Rasullabad,3412,Nabinagar,Brahmanbaria,Chittagong,N/A,N/A,N/A,Not Found
Salimganj,3418,Nabinagar,Brahmanbaria,Chittagong,N/A,N/A,N/A,Not Found
Shamgram,3413,Nabinagar,Brahmanbaria,Chittagong,N/A,N/A,N/A,Not Found
Shahapur,3415,Nabinagar,Brahmanbaria,Chittagong,01535-020554,N/A,N/A,Google Maps Browser
Fandauk,3441,Nasirnagar,Brahmanbaria,Chittagong,01535-020554,N/A,N/A,Google Maps Browser
Nasirnagar,3440,Nasirnagar,Brahmanbaria,Chittagong,01725-494859,N/A,N/A,Google Maps Browser
Sarial,3430,Sarail,Brahmanbaria,Chittagong,01535-020554,N/A,N/A,Google Maps Browser
Shahbajpur,3431,Sarail,Brahmanbaria,Chittagong,01535-020554,N/A,N/A,Google Maps Browser
Baburhat,3602,Chandpur Sadar,Chandpur,Chittagong,01856-943097,N/A,N/A,Google Maps Browser
Chandpur Sadar,3600,Chandpur Sadar,Chandpur,Chittagong,N/A,N/A,N/A,Not Found
Chandura,3432,Sarail,Brahmanbaria,Chittagong,01535-020554,N/A,N/A,Google Maps Browser
Puranbazar,3601,Chandpur Sadar,Chandpur,Chittagong,N/A,N/A,N/A,Not Found
Sahatali,3603,Chandpur Sadar,Chandpur,Chittagong,01943-766615,N/A,N/A,Google Maps Browser
Faridganj,3650,Faridganj,Chandpur,Chittagong,N/A,N/A,N/A,Not Found
Islampur Shah Isain,3655,Faridganj,Chandpur,Chittagong,N/A,N/A,N/A,Not Found
Chandra,3651,Faridganj,Chandpur,Chittagong,07172-250641,N/A,N/A,Web Search
Rampurbazar,3654,Faridganj,Chandpur,Chittagong,N/A,N/A,N/A,Not Found
Gridkaliandia,3653,Faridganj,Chandpur,Chittagong,N/A,N/A,N/A,Not Found
Bolakhal,3611,Hajiganj,Chandpur,Chittagong,01786-134579,N/A,N/A,Google Maps Browser
Rupsha,3652,Faridganj,Chandpur,Chittagong,01827-061650,N/A,N/A,Google Maps Browser
Gandamara,3661,Hayemchar,Chandpur,Chittagong,01869-890858,N/A,N/A,Google Maps Browser
Kachua,3630,Kachua,Chandpur,Chittagong,N/A,N/A,N/A,Not Found
Hayemchar,3660,Hayemchar,Chandpur,Chittagong,01869-890858,N/A,N/A,Google Maps Browser
Hajiganj,3610,Hajiganj,Chandpur,Chittagong,01715-323289,N/A,N/A,Google Maps Browser
Rahima Nagar,3632,Kachua,Chandpur,Chittagong,N/A,N/A,N/A,Not Found
Kalipur,3642,Matlobganj,Chandpur,Chittagong,01711-826262,N/A,N/A,Google Maps Browser
Shachar,3633,Kachua,Chandpur,Chittagong,01823-345282,N/A,N/A,Google Maps Browser
Pak Shrirampur,3631,Kachua,Chandpur,Chittagong,07172-250641,N/A,N/A,Web Search
Matlobganj,3640,Matlobganj,Chandpur,Chittagong,01786-134579,N/A,N/A,Google Maps Browser
Chotoshi,3623,Shahrasti,Chandpur,Chittagong,N/A,N/A,N/A,Not Found
Mohanpur,3641,Matlobganj,Chandpur,Chittagong,01711-826262,N/A,N/A,Google Maps Browser
Islamia Madrasha,3624,Shahrasti,Chandpur,Chittagong,N/A,N/A,N/A,Not Found
Khilabazar,3621,Shahrasti,Chandpur,Chittagong,01859-145474,N/A,N/A,Google Maps Browser
Shahrasti,3620,Shahrasti,Chandpur,Chittagong,N/A,N/A,N/A,Not Found
Anowara,4376,Anawara,Chittagong,Chittagong,01777-499799,N/A,N/A,Google Maps Browser
Pashchim Kherihar Al,3622,Shahrasti,Chandpur,Chittagong,01754-045769,N/A,N/A,Web Search
Battali,4378,Anawara,Chittagong,Chittagong,01878-089401,N/A,N/A,Google Maps Browser
Paroikora,4377,Anawara,Chittagong,Chittagong,01878-089401,N/A,N/A,Google Maps Browser
Charandwip,4369,Boalkhali,Chittagong,Chittagong,01818-646422,N/A,N/A,Google Maps Browser
Boalkhali,4366,Boalkhali,Chittagong,Chittagong,N/A,N/A,N/A,Not Found
Kadurkhal,4368,Boalkhali,Chittagong,Chittagong,01878-089401,N/A,N/A,Google Maps Browser
Kanungopara,4363,Boalkhali,Chittagong,Chittagong,01834-468484,N/A,N/A,Web Search
Sakpura,4367,Boalkhali,Chittagong,Chittagong,01878-089401,N/A,N/A,Google Maps Browser
Iqbal Park,4365,Boalkhali,Chittagong,Chittagong,N/A,N/A,N/A,Not Found
Amin Jute Mills,4211,Chittagong Sadar,Chittagong,Chittagong,01869-504333,N/A,N/A,Google Maps Browser
Anandabazar,4215,Chittagong Sadar,Chittagong,Chittagong,01872-546463,N/A,N/A,Google Maps Browser
Saroatoli,4364,Boalkhali,Chittagong,Chittagong,01878-089401,N/A,N/A,Google Maps Browser
Al- Amin Baria Madra,4221,Chittagong Sadar,Chittagong,Chittagong,N/A,N/A,N/A,Not Found
Chandgaon,4212,Chittagong Sadar,Chittagong,Chittagong,031-671190,N/A,N/A,Google Maps Browser
Chawkbazar,4203,Chittagong Sadar,Chittagong,Chittagong,01761-578499,N/A,N/A,Google Maps Browser
Bayezid Bostami,4210,Chittagong Sadar,Chittagong,Chittagong,N/A,N/A,N/A,Not Found
Chitt. Politechnic In,4209,Chittagong Sadar,Chittagong,Chittagong,01818-586946,N/A,N/A,Google Maps Browser
Chitt. Customs Acca,4219,Chittagong Sadar,Chittagong,Chittagong,031-728325,N/A,N/A,Google Maps Browser
Chitt. Sailers Colon,4218,Chittagong Sadar,Chittagong,Chittagong,01878-089401,N/A,N/A,Google Maps Browser
Chitt. Cantonment,4220,Chittagong Sadar,Chittagong,Chittagong,N/A,N/A,N/A,Not Found
Chittagong GPO,4000,Chittagong Sadar,Chittagong,Chittagong,01878-089401,N/A,N/A,Google Maps Browser
Chittagong Bandar,4100,Chittagong Sadar,Chittagong,Chittagong,01878-089401,N/A,N/A,Google Maps Browser
Export Processing,4223,Chittagong Sadar,Chittagong,Chittagong,01878-089401,N/A,N/A,Google Maps Browser
Chittagong Airport,4205,Chittagong Sadar,Chittagong,Chittagong,01878-089401,N/A,N/A,Google Maps Browser
Firozshah,4207,Chittagong Sadar,Chittagong,Chittagong,N/A,N/A,N/A,Not Found
Halishahar,4216,Chittagong Sadar,Chittagong,Chittagong,N/A,N/A,N/A,Not Found
Halishshar,4225,Chittagong Sadar,Chittagong,Chittagong,+880 1912-896548,N/A,N/A,Web Search
Jalalabad,4214,Chittagong Sadar,Chittagong,Chittagong,N/A,N/A,N/A,Not Found
Middle Patenga,4222,Chittagong Sadar,Chittagong,Chittagong,01878-089401,N/A,N/A,Google Maps Browser
Mohard,4208,Chittagong Sadar,Chittagong,Chittagong,01878-089401,N/A,N/A,Google Maps Browser
Jaldia Merine Accade,4206,Chittagong Sadar,Chittagong,Chittagong,01878-089401,N/A,N/A,Google Maps Browser
North Halishahar,4226,Chittagong Sadar,Chittagong,Chittagong,01783-352885,N/A,N/A,Google Maps Browser
North Katuli,4217,Chittagong Sadar,Chittagong,Chittagong,031-611820,N/A,N/A,Google Maps Browser
Patenga,4204,Chittagong Sadar,Chittagong,Chittagong,N/A,N/A,N/A,Not Found
Wazedia,4213,Chittagong Sadar,Chittagong,Chittagong,01815-681108,N/A,N/A,Google Maps Browser
Rampura TSO,4224,Chittagong Sadar,Chittagong,Chittagong,01878-089401,N/A,N/A,Google Maps Browser
Pahartoli,4202,Chittagong Sadar,Chittagong,Chittagong,N/A,N/A,N/A,Not Found
East Joara,4380,East Joara,Chittagong,Chittagong,01878-089401,N/A,N/A,Google Maps Browser
Gachbaria,4381,East Joara,Chittagong,Chittagong,01878-089401,N/A,N/A,Google Maps Browser
Barma,4383,East Joara,Chittagong,Chittagong,01878-089401,N/A,N/A,Google Maps Browser
Dohazari,4382,East Joara,Chittagong,Chittagong,01878-089401,N/A,N/A,Google Maps Browser
Fatikchhari,4350,Fatikchhari,Chittagong,Chittagong,01878-089401,N/A,N/A,Google Maps Browser
Bhandar Sharif,4352,Fatikchhari,Chittagong,Chittagong,01878-089401,N/A,N/A,Google Maps Browser
Najirhat,4353,Fatikchhari,Chittagong,Chittagong,01878-089401,N/A,N/A,Google Maps Browser
Harualchhari,4354,Fatikchhari,Chittagong,Chittagong,01878-089401,N/A,N/A,Google Maps Browser
Narayanhat,4355,Fatikchhari,Chittagong,Chittagong,01878-089401,N/A,N/A,Google Maps Browser
Nanupur,4351,Fatikchhari,Chittagong,Chittagong,01878-089401,N/A,N/A,Google Maps Browser
Chitt.University,4331,Hathazari,Chittagong,Chittagong,031-613284,N/A,N/A,Google Maps Browser
Hathazari,4330,Hathazari,Chittagong,Chittagong,01815-948318,N/A,N/A,Google Maps Browser
Gorduara,4332,Hathazari,Chittagong,Chittagong,01878-089401,N/A,N/A,Google Maps Browser
Fatahabad,4335,Hathazari,Chittagong,Chittagong,01925-061387,N/A,N/A,Google Maps Browser
Katirhat,4333,Hathazari,Chittagong,Chittagong,031-611820,N/A,N/A,Google Maps Browser
Madrasa,4339,Hathazari,Chittagong,Chittagong,01878-089401,N/A,N/A,Google Maps Browser
Mirzapur,4334,Hathazari,Chittagong,Chittagong,05442252167,N/A,N/A,Web Search
Nuralibari,4337,Hathazari,Chittagong,Chittagong,01878-089401,N/A,N/A,Google Maps Browser
Yunus Nagar,4338,Hathazari,Chittagong,Chittagong,01878-089401,N/A,N/A,Google Maps Browser
Banigram,4393,Jaldi,Chittagong,Chittagong,01878-089401,N/A,N/A,Google Maps Browser
Gunagari,4392,Jaldi,Chittagong,Chittagong,01878-089401,N/A,N/A,Google Maps Browser
Jaldi,4390,Jaldi,Chittagong,Chittagong,01878-089401,N/A,N/A,Google Maps Browser
Khan Bahadur,4391,Jaldi,Chittagong,Chittagong,01878-089401,N/A,N/A,Google Maps Browser
Chunti,4398,Lohagara,Chittagong,Chittagong,01878-089401,N/A,N/A,Google Maps Browser
Lohagara,4396,Lohagara,Chittagong,Chittagong,01824-781225,N/A,N/A,Google Maps Browser
Padua,4397,Lohagara,Chittagong,Chittagong,01878-089401,N/A,N/A,Google Maps Browser
Abutorab,4321,Mirsharai,Chittagong,Chittagong,01878-089401,N/A,N/A,Google Maps Browser
Azampur,4325,Mirsharai,Chittagong,Chittagong,01878-089401,N/A,N/A,Google Maps Browser
Darrogahat,4322,Mirsharai,Chittagong,Chittagong,01878-089401,N/A,N/A,Google Maps Browser
Bharawazhat,4323,Mirsharai,Chittagong,Chittagong,01878-089401,N/A,N/A,Google Maps Browser
Joarganj,4324,Mirsharai,Chittagong,Chittagong,01878-089401,N/A,N/A,Google Maps Browser
Mirsharai,4320,Mirsharai,Chittagong,Chittagong,01819-893177,N/A,N/A,Google Maps Browser
Mohazanhat,4328,Mirsharai,Chittagong,Chittagong,01878-089401,N/A,N/A,Google Maps Browser
Budhpara,4371,Patiya,Chittagong,Chittagong,01878-089401,N/A,N/A,Google Maps Browser
Korerhat,4327,Mirsharai,Chittagong,Chittagong,01878-089401,N/A,N/A,Google Maps Browser
Patiya Head Office,4370,Patiya,Chittagong,Chittagong,N/A,N/A,N/A,Not Found
Dhamair,4361,Rangunia,Chittagong,Chittagong,01878-089401,N/A,N/A,Google Maps Browser
B.I.T Post Office,4349,Rouzan,Chittagong,Chittagong,01878-089401,N/A,N/A,Google Maps Browser
Dewanpur,4347,Rouzan,Chittagong,Chittagong,01878-089401,N/A,N/A,Google Maps Browser
Beenajuri,4341,Rouzan,Chittagong,Chittagong,01878-089401,N/A,N/A,Google Maps Browser
Fatepur,4345,Rouzan,Chittagong,Chittagong,01878-089401,N/A,N/A,Google Maps Browser
Rangunia,4360,Rangunia,Chittagong,Chittagong,01890-087333,N/A,N/A,Google Maps Browser
Guzra Noapara,4346,Rouzan,Chittagong,Chittagong,01878-089401,N/A,N/A,Google Maps Browser
jagannath Hat,4344,Rouzan,Chittagong,Chittagong,01878-089401,N/A,N/A,Google Maps Browser
Kundeshwari,4342,Rouzan,Chittagong,Chittagong,01878-089401,N/A,N/A,Google Maps Browser
Gahira,4343,Rouzan,Chittagong,Chittagong,01878-089401,N/A,N/A,Google Maps Browser
Mohamuni,4348,Rouzan,Chittagong,Chittagong,N/A,N/A,N/A,Not Found
Shiberhat,4301,Sandwip,Chittagong,Chittagong,01878-089401,N/A,N/A,Google Maps Browser
Urirchar,4302,Sandwip,Chittagong,Chittagong,01878-089401,N/A,N/A,Google Maps Browser
Rouzan,4340,Rouzan,Chittagong,Chittagong,01878-089401,N/A,N/A,Google Maps Browser
Sandwip,4300,Sandwip,Chittagong,Chittagong,01819-942500,N/A,N/A,Google Maps Browser
Barabkunda,4312,Sitakunda,Chittagong,Chittagong,01878-089401,N/A,N/A,Google Maps Browser
Satkania,4386,Satkania,Chittagong,Chittagong,N/A,N/A,N/A,Not Found
Baitul Ijjat,4387,Satkania,Chittagong,Chittagong,01878-089401,N/A,N/A,Google Maps Browser
Bazalia,4388,Satkania,Chittagong,Chittagong,01878-089401,N/A,N/A,Google Maps Browser
Bhatiari,4315,Sitakunda,Chittagong,Chittagong,01878-089401,N/A,N/A,Google Maps Browser
Baroidhala,4311,Sitakunda,Chittagong,Chittagong,01878-089401,N/A,N/A,Google Maps Browser
Fouzdarhat,4316,Sitakunda,Chittagong,Chittagong,01878-089401,N/A,N/A,Google Maps Browser
Bawashbaria,4313,Sitakunda,Chittagong,Chittagong,01878-089401,N/A,N/A,Google Maps Browser
Jafrabad,4317,Sitakunda,Chittagong,Chittagong,N/A,N/A,N/A,Not Found
Barura,3560,Barura,Comilla,Chittagong,N/A,N/A,N/A,Not Found
Sitakunda,4310,Sitakunda,Chittagong,Chittagong,880 1813-799697,N/A,N/A,Web Search
Kumira,4314,Sitakunda,Chittagong,Chittagong,N/A,N/A,N/A,Not Found
Poyalgachha,3561,Barura,Comilla,Chittagong,N/A,N/A,N/A,Not Found
Murdafarganj,3562,Barura,Comilla,Chittagong,01830-196240,N/A,N/A,Google Maps Browser
Brahmanpara,3526,Brahmanpara,Comilla,Chittagong,01825-188667,N/A,N/A,Google Maps Browser
Burichang,3520,Burichang,Comilla,Chittagong,01845-402873,N/A,N/A,Google Maps Browser
Madhaiabazar,3511,Chandina,Comilla,Chittagong,01817-098684,N/A,N/A,Google Maps Browser
Maynamoti bazar,3521,Burichang,Comilla,Chittagong,N/A,N/A,N/A,Not Found
Chandia,3510,Chandina,Comilla,Chittagong,880-8176238,N/A,N/A,Web Search
Batisa,3551,Chouddagram,Comilla,Chittagong,N/A,N/A,N/A,Not Found
Chiora,3552,Chouddagram,Comilla,Chittagong,N/A,N/A,N/A,Not Found
Comilla Sadar,3500,Comilla Sadar,Comilla,Chittagong,880-8176238,N/A,N/A,Web Search
Comilla Contoment,3501,Comilla Sadar,Comilla,Chittagong,N/A,N/A,N/A,Not Found
Courtbari,3503,Comilla Sadar,Comilla,Chittagong,N/A,N/A,N/A,Not Found
Chouddagram,3550,Chouddagram,Comilla,Chittagong,01813-276847,N/A,N/A,Google Maps Browser
Halimanagar,3502,Comilla Sadar,Comilla,Chittagong,N/A,N/A,N/A,Not Found
Suaganj,3504,Comilla Sadar,Comilla,Chittagong,01713-529543,N/A,N/A,Google Maps Browser
Dashpara,3518,Daudkandi,Comilla,Chittagong,01830-196240,N/A,N/A,Google Maps Browser
Daudkandi,3516,Daudkandi,Comilla,Chittagong,N/A,N/A,N/A,Not Found
Eliotganj,3519,Daudkandi,Comilla,Chittagong,880-8176238,N/A,N/A,Web Search
Barashalghar,3532,Davidhar,Comilla,Chittagong,880-8176238,N/A,N/A,Web Search
Gouripur,3517,Daudkandi,Comilla,Chittagong,N/A,N/A,N/A,Not Found
Gangamandal,3531,Davidhar,Comilla,Chittagong,01830-196240,N/A,N/A,Google Maps Browser
Dhamtee,3533,Davidhar,Comilla,Chittagong,01830-196240,N/A,N/A,Google Maps Browser
Davidhar,3530,Davidhar,Comilla,Chittagong,01830-196240,N/A,N/A,Google Maps Browser
Homna,3546,Homna,Comilla,Chittagong,01868-129466,N/A,N/A,Google Maps Browser
Bipulasar,3572,Laksam,Comilla,Chittagong,01982-635225,N/A,N/A,Google Maps Browser
Laksam,3570,Laksam,Comilla,Chittagong,01515-268049,N/A,N/A,Google Maps Browser
Chhariabazar,3582,Langalkot,Comilla,Chittagong,01830-196240,N/A,N/A,Google Maps Browser
Dhalua,3581,Langalkot,Comilla,Chittagong,01830-196240,N/A,N/A,Google Maps Browser
Lakshamanpur,3571,Laksam,Comilla,Chittagong,01830-196240,N/A,N/A,Google Maps Browser
Gunabati,3583,Langalkot,Comilla,Chittagong,N/A,N/A,N/A,Not Found
Langalkot,3580,Langalkot,Comilla,Chittagong,01839-118410,N/A,N/A,Google Maps Browser
Bangra,3543,Muradnagar,Comilla,Chittagong,01830-196240,N/A,N/A,Google Maps Browser
Companyganj,3542,Muradnagar,Comilla,Chittagong,01590-067689,N/A,N/A,Google Maps Browser
Pantibazar,3545,Muradnagar,Comilla,Chittagong,01855-067853,N/A,N/A,Google Maps Browser
Muradnagar,3540,Muradnagar,Comilla,Chittagong,N/A,N/A,N/A,Not Found
Sonakanda,3544,Muradnagar,Comilla,Chittagong,N/A,N/A,N/A,Not Found
Ramchandarpur,3541,Muradnagar,Comilla,Chittagong,01830-196240,N/A,N/A,Google Maps Browser
Chiringga S.O,4741,Chiringga,Coxs Bazar,Chittagong,01818-730242,N/A,N/A,Google Maps Browser
Badarkali,4742,Chiringga,Coxs Bazar,Chittagong,01997-000654,N/A,N/A,Google Maps Browser
Malumghat,4743,Chiringga,Coxs Bazar,Chittagong,01997-000654,N/A,N/A,Google Maps Browser
Chiringga,4740,Chiringga,Coxs Bazar,Chittagong,01818-730242,N/A,N/A,Google Maps Browser
Coxs Bazar Sadar,4700,Coxs Bazar Sadar,Coxs Bazar,Chittagong,01997-000654,N/A,N/A,Google Maps Browser
Eidga,4702,Coxs Bazar Sadar,Coxs Bazar,Chittagong,01997-000654,N/A,N/A,Google Maps Browser
Zhilanja,4701,Coxs Bazar Sadar,Coxs Bazar,Chittagong,01997-000654,N/A,N/A,Google Maps Browser
Gorakghat,4710,Gorakghat,Coxs Bazar,Chittagong,01997-000654,N/A,N/A,Google Maps Browser
Kutubdia,4720,Kutubdia,Coxs Bazar,Chittagong,01829-253919,N/A,N/A,Google Maps Browser
Ramu,4730,Ramu,Coxs Bazar,Chittagong,N/A,N/A,N/A,Not Found
Hnila,4761,Teknaf,Coxs Bazar,Chittagong,01997-000654,N/A,N/A,Google Maps Browser
St.Martin,4762,Teknaf,Coxs Bazar,Chittagong,01818-730242,N/A,N/A,Google Maps Browser
Teknaf,4760,Teknaf,Coxs Bazar,Chittagong,01763-143681,N/A,N/A,Google Maps Browser
Chhagalnaia,3910,Chhagalnaia,Feni,Chittagong,01627-383833,N/A,N/A,Google Maps Browser
Ukhia,4750,Ukhia,Coxs Bazar,Chittagong,N/A,N/A,N/A,Not Found
Maharajganj,3911,Chhagalnaia,Feni,Chittagong,01627-383833,N/A,N/A,Google Maps Browser
Daraga Hat,3912,Chhagalnaia,Feni,Chittagong,01627-383833,N/A,N/A,Google Maps Browser
Puabashimulia,3913,Chhagalnaia,Feni,Chittagong,01627-383833,N/A,N/A,Google Maps Browser
Chhilonia,3922,Dagonbhuia,Feni,Chittagong,01627-383833,N/A,N/A,Google Maps Browser
Dagondhuia,3920,Dagonbhuia,Feni,Chittagong,01627-383833,N/A,N/A,Web Search
Dudmukha,3921,Dagonbhuia,Feni,Chittagong,01627-383833,N/A,N/A,Google Maps Browser
Fazilpur,3901,Feni Sadar,Feni,Chittagong,01627-383833,N/A,N/A,Google Maps Browser
Feni Sadar,3900,Feni Sadar,Feni,Chittagong,01627-383833,N/A,N/A,Google Maps Browser
Rajapur,3923,Dagonbhuia,Feni,Chittagong,01627-383833,N/A,N/A,Google Maps Browser
Sharshadie,3902,Feni Sadar,Feni,Chittagong,01627-383833,N/A,N/A,Google Maps Browser
Laskarhat,3903,Feni Sadar,Feni,Chittagong,N/A,N/A,N/A,Not Found
Fulgazi,3942,Pashurampur,Feni,Chittagong,01627-383833,N/A,N/A,Google Maps Browser
Munshirhat,3943,Pashurampur,Feni,Chittagong,01627-383833,N/A,N/A,Google Maps Browser
Pashurampur,3940,Pashurampur,Feni,Chittagong,01627-383833,N/A,N/A,Google Maps Browser
Shuarbazar,3941,Pashurampur,Feni,Chittagong,01627-383833,N/A,N/A,Google Maps Browser
Ahmadpur,3932,Sonagazi,Feni,Chittagong,01627-383833,N/A,N/A,Google Maps Browser
Kazirhat,3933,Sonagazi,Feni,Chittagong,N/A,N/A,N/A,Not Found
Motiganj,3931,Sonagazi,Feni,Chittagong,01627-383833,N/A,N/A,Google Maps Browser
Khagrachari Sadar,4400,Khagrachari Sadar,Khagrachari,Chittagong,01829-572890,N/A,N/A,Google Maps Browser
Sonagazi,3930,Sonagazi,Feni,Chittagong,01627-383833,N/A,N/A,Web Search
Diginala,4420,Diginala,Khagrachari,Chittagong,N/A,N/A,N/A,Not Found
Laxmichhari,4470,Laxmichhari,Khagrachari,Chittagong,01829-572890,N/A,N/A,Google Maps Browser
Mahalchhari,4430,Mahalchhari,Khagrachari,Chittagong,0371-61655,N/A,N/A,Web Search
Matiranga,4450,Matiranga,Khagrachari,Chittagong,01646-817089,N/A,N/A,Google Maps Browser
Manikchhari,4460,Manikchhari,Khagrachari,Chittagong,01845-117079,N/A,N/A,Web Search
Panchhari,4410,Panchhari,Khagrachari,Chittagong,01829-572890,N/A,N/A,Google Maps Browser
Ramgatirhat,3732,Char Alexgander,Lakshmipur,Chittagong,01742-722659,N/A,N/A,Google Maps Browser
Hajirghat,3731,Char Alexgander,Lakshmipur,Chittagong,01742-722659,N/A,N/A,Google Maps Browser
Ramghar Head Office,4440,Ramghar Head Office,Khagrachari,Chittagong,N/A,N/A,N/A,Not Found
Char Alexgander,3730,Char Alexgander,Lakshmipur,Chittagong,01848-076644,N/A,N/A,Google Maps Browser
Bhabaniganj,3702,Lakshimpur Sadar,Lakshmipur,Chittagong,01742-722659,N/A,N/A,Google Maps Browser
Chandraganj,3708,Lakshimpur Sadar,Lakshmipur,Chittagong,N/A,N/A,N/A,Not Found
Amani Lakshimpur,3709,Lakshimpur Sadar,Lakshmipur,Chittagong,0381-55524,N/A,N/A,Web Search
Choupalli,3707,Lakshimpur Sadar,Lakshmipur,Chittagong,01742-349234,N/A,N/A,Google Maps Browser
Dalal Bazar,3701,Lakshimpur Sadar,Lakshmipur,Chittagong,N/A,N/A,N/A,Not Found
Duttapara,3706,Lakshimpur Sadar,Lakshmipur,Chittagong,01742-722659,N/A,N/A,Google Maps Browser
Keramatganj,3704,Lakshimpur Sadar,Lakshmipur,Chittagong,01742-722659,N/A,N/A,Google Maps Browser
Mandari,3703,Lakshimpur Sadar,Lakshmipur,Chittagong,N/A,N/A,N/A,Not Found
Lakshimpur Sadar,3700,Lakshimpur Sadar,Lakshmipur,Chittagong,01742-722659,N/A,N/A,Google Maps Browser
Rupchara,3705,Lakshimpur Sadar,Lakshmipur,Chittagong,01742-722659,N/A,N/A,Google Maps Browser
Alipur,3721,Ramganj,Lakshmipur,Chittagong,01742-722659,N/A,N/A,Google Maps Browser
Dolta,3725,Ramganj,Lakshmipur,Chittagong,01742-722659,N/A,N/A,Google Maps Browser
Naagmud,3724,Ramganj,Lakshmipur,Chittagong,01742-722659,N/A,N/A,Google Maps Browser
Kanchanpur,3723,Ramganj,Lakshmipur,Chittagong,01742-722659,N/A,N/A,Google Maps Browser
Panpara,3722,Ramganj,Lakshmipur,Chittagong,N/A,N/A,N/A,Not Found
Ramganj,3720,Ramganj,Lakshmipur,Chittagong,+880 1715-203508,N/A,N/A,Web Search
Bhuabari,3714,Raypur,Lakshmipur,Chittagong,01742-722659,N/A,N/A,Google Maps Browser
Rakhallia,3711,Raypur,Lakshmipur,Chittagong,01742-722659,N/A,N/A,Google Maps Browser
Nagerdighirpar,3712,Raypur,Lakshmipur,Chittagong,01742-722659,N/A,N/A,Google Maps Browser
Haydarganj,3713,Raypur,Lakshmipur,Chittagong,01742-722659,N/A,N/A,Google Maps Browser
Raypur,3710,Raypur,Lakshmipur,Chittagong,N/A,N/A,N/A,Not Found
Alaiarpur,3831,Begumganj,Noakhali,Chittagong,N/A,N/A,N/A,Not Found
Basur Hat,3850,Basurhat,Noakhali,Chittagong,01824-723666,N/A,N/A,Google Maps Browser
Charhajari,3851,Basurhat,Noakhali,Chittagong,01816-195255,N/A,N/A,Google Maps Browser
Amisha Para,3847,Begumganj,Noakhali,Chittagong,01646-069389,N/A,N/A,Google Maps Browser
Bhabani Jibanpur,3837,Begumganj,Noakhali,Chittagong,01832-291469,N/A,N/A,Google Maps Browser
Bazra,3824,Begumganj,Noakhali,Chittagong,N/A,N/A,N/A,Not Found
Begumganj,3820,Begumganj,Noakhali,Chittagong,01606-576366,N/A,N/A,Google Maps Browser
Banglabazar,3822,Begumganj,Noakhali,Chittagong,01879-503557,N/A,N/A,Google Maps Browser
Choumohani,3821,Begumganj,Noakhali,Chittagong,01832-227768,N/A,N/A,Google Maps Browser
Gopalpur,3828,Begumganj,Noakhali,Chittagong,01866-643626,N/A,N/A,Google Maps Browser
Durgapur,3848,Begumganj,Noakhali,Chittagong,01721-741574,N/A,N/A,Google Maps Browser
Dauti,3843,Begumganj,Noakhali,Chittagong,01816-195255,N/A,N/A,Google Maps Browser
Jamidar Hat,3825,Begumganj,Noakhali,Chittagong,01816-195255,N/A,N/A,Google Maps Browser
Joyag,3844,Begumganj,Noakhali,Chittagong,N/A,N/A,N/A,Not Found
Khalafat Bazar,3833,Begumganj,Noakhali,Chittagong,01816-195255,N/A,N/A,Google Maps Browser
Joynarayanpur,3829,Begumganj,Noakhali,Chittagong,01816-195255,N/A,N/A,Google Maps Browser
Khalishpur,3842,Begumganj,Noakhali,Chittagong,01816-195255,N/A,N/A,Google Maps Browser
Maheshganj,3838,Begumganj,Noakhali,Chittagong,01816-195255,N/A,N/A,Google Maps Browser
Mir Owarishpur,3823,Begumganj,Noakhali,Chittagong,01832-291469,N/A,N/A,Google Maps Browser
Nandiapara,3841,Begumganj,Noakhali,Chittagong,01816-195255,N/A,N/A,Google Maps Browser
Nadona,3839,Begumganj,Noakhali,Chittagong,01816-195255,N/A,N/A,Google Maps Browser
Sonaimuri,3827,Begumganj,Noakhali,Chittagong,01716-623377,N/A,N/A,Google Maps Browser
Tangirpar,3832,Begumganj,Noakhali,Chittagong,01708-861444,N/A,N/A,Google Maps Browser
Oachhekpur,3835,Begumganj,Noakhali,Chittagong,01816-195255,N/A,N/A,Google Maps Browser
Rajganj,3834,Begumganj,Noakhali,Chittagong,N/A,N/A,N/A,Not Found
Thanar Hat,3845,Begumganj,Noakhali,Chittagong,01816-195255,N/A,N/A,Google Maps Browser
Bansa Bazar,3879,Chatkhil,Noakhali,Chittagong,N/A,N/A,N/A,Not Found
Chatkhil,3870,Chatkhil,Noakhali,Chittagong,N/A,N/A,N/A,Not Found
Bodalcourt,3873,Chatkhil,Noakhali,Chittagong,01816-195255,N/A,N/A,Google Maps Browser
Dosh Gharia,3878,Chatkhil,Noakhali,Chittagong,01816-195255,N/A,N/A,Google Maps Browser
Karihati,3877,Chatkhil,Noakhali,Chittagong,N/A,N/A,N/A,Not Found
Khilpara,3872,Chatkhil,Noakhali,Chittagong,N/A,N/A,N/A,Not Found
Rezzakpur,3874,Chatkhil,Noakhali,Chittagong,01816-195255,N/A,N/A,Google Maps Browser
Palla,3871,Chatkhil,Noakhali,Chittagong,01816-195255,N/A,N/A,Google Maps Browser
Sahapur,3881,Chatkhil,Noakhali,Chittagong,01832-291469,N/A,N/A,Google Maps Browser
Shingbahura,3883,Chatkhil,Noakhali,Chittagong,N/A,N/A,N/A,Not Found
Sampara,3882,Chatkhil,Noakhali,Chittagong,01832-291469,N/A,N/A,Google Maps Browser
Solla,3875,Chatkhil,Noakhali,Chittagong,01816-195255,N/A,N/A,Google Maps Browser
Hatiya,3890,Hatiya,Noakhali,Chittagong,0721-775887,N/A,N/A,Google Maps Browser
Chaprashir Hat,3811,Noakhali Sadar,Noakhali,Chittagong,01872-439962,N/A,N/A,Google Maps Browser
Afazia,3891,Hatiya,Noakhali,Chittagong,01816-195255,N/A,N/A,Google Maps Browser
Tamoraddi,3892,Hatiya,Noakhali,Chittagong,01708-861444,N/A,N/A,Google Maps Browser
Char Jabbar,3812,Noakhali Sadar,Noakhali,Chittagong,01834-438486,N/A,N/A,Google Maps Browser
Din Monir Hat,3803,Noakhali Sadar,Noakhali,Chittagong,01816-195255,N/A,N/A,Google Maps Browser
Charam Tua,3809,Noakhali Sadar,Noakhali,Chittagong,01832-291469,N/A,N/A,Google Maps Browser
Kabirhat,3807,Noakhali Sadar,Noakhali,Chittagong,N/A,N/A,N/A,Not Found
Khalifar Hat,3808,Noakhali Sadar,Noakhali,Chittagong,01728-272852,N/A,N/A,Google Maps Browser
Noakhali College,3801,Noakhali Sadar,Noakhali,Chittagong,01816-195255,N/A,N/A,Google Maps Browser
Mriddarhat,3806,Noakhali Sadar,Noakhali,Chittagong,01816-195255,N/A,N/A,Google Maps Browser
Pak Kishoreganj,3804,Noakhali Sadar,Noakhali,Chittagong,01937-691273,N/A,N/A,Google Maps Browser
Sonapur,3802,Noakhali Sadar,Noakhali,Chittagong,01832-291469,N/A,N/A,Google Maps Browser
Beezbag,3862,Senbag,Noakhali,Chittagong,01816-195255,N/A,N/A,Google Maps Browser
Noakhali Sadar,3800,Noakhali Sadar,Noakhali,Chittagong,01816-195255,N/A,N/A,Google Maps Browser
Chatarpaia,3864,Senbag,Noakhali,Chittagong,01816-195255,N/A,N/A,Google Maps Browser
Kankirhat,3863,Senbag,Noakhali,Chittagong,01741-729864,N/A,N/A,Google Maps Browser
Kallyandi,3861,Senbag,Noakhali,Chittagong,01816-195255,N/A,N/A,Google Maps Browser
T.P. Lamua,3865,Senbag,Noakhali,Chittagong,01816-195255,N/A,N/A,Google Maps Browser
Senbag,3860,Senbag,Noakhali,Chittagong,01736-531842,N/A,N/A,Google Maps Browser
Barakal,4570,Barakal,Rangamati,Chittagong,N/A,N/A,N/A,Not Found
Jarachhari,4560,Jarachhari,Rangamati,Chittagong,N/A,N/A,N/A,Not Found
Bilaichhari,4550,Bilaichhari,Rangamati,Chittagong,N/A,N/A,N/A,Not Found
Betbunia,4511,Kalampati,Rangamati,Chittagong,N/A,N/A,N/A,Not Found
Chandraghona,4531,kaptai,Rangamati,Chittagong,0351-62072,N/A,N/A,Google Maps Browser
Kalampati,4510,Kalampati,Rangamati,Chittagong,N/A,N/A,N/A,Not Found
Kaptai,4530,kaptai,Rangamati,Chittagong,N/A,N/A,N/A,Not Found
Kaptai Project,4532,kaptai,Rangamati,Chittagong,N/A,N/A,N/A,Not Found
Kaptai Nuton Bazar,4533,kaptai,Rangamati,Chittagong,N/A,N/A,N/A,Not Found
Longachh,4580,Longachh,Rangamati,Chittagong,N/A,N/A,N/A,Not Found
Marishya,4590,Marishya,Rangamati,Chittagong,N/A,N/A,N/A,Not Found
Nanichhar,4520,Naniachhar,Rangamati,Chittagong,N/A,N/A,N/A,Not Found
Rajsthali,4540,Rajsthali,Rangamati,Chittagong,01554-603710,N/A,N/A,Google Maps Browser
Rangamati Sadar,4500,Rangamati Sadar,Rangamati,Chittagong,N/A,N/A,N/A,Not Found
Demra,1360,Demra,Dhaka,Dhaka,01979-541887,N/A,N/A,Google Maps Browser
Matuail,1362,Demra,Dhaka,Dhaka,N/A,N/A,N/A,Not Found
Sarulia,1361,Demra,Dhaka,Dhaka,01735-880972,N/A,N/A,Google Maps Browser
Dhamrai,1350,Dhamrai,Dhaka,Dhaka,01734-665613,N/A,N/A,Google Maps Browser
Dhaka CantonmentTSO,1206,Dhaka Cantt.,Dhaka,Dhaka,01602-595878,N/A,N/A,Google Maps Browser
Kamalpur,1351,Dhamrai,Dhaka,Dhaka,01814-109139,N/A,N/A,Google Maps Browser
Jigatala TSO,1209,Dhanmondi,Dhaka,Dhaka,N/A,N/A,N/A,Not Found
Gulshan Model Town,1212,Gulshan,Dhaka,Dhaka,01711-350214,N/A,N/A,Google Maps Browser
Banani TSO,1213,Gulshan,Dhaka,Dhaka,N/A,N/A,N/A,Not Found
Dhania TSO,1232,Jatrabari,Dhaka,Dhaka,01602-595878,N/A,N/A,Google Maps Browser
Narisha,1332,Joypara,Dhaka,Dhaka,N/A,N/A,N/A,Not Found
Joypara,1330,Joypara,Dhaka,Dhaka,01705-129981,N/A,N/A,Google Maps Browser
Palamganj,1331,Joypara,Dhaka,Dhaka,01782-714048,N/A,N/A,Google Maps Browser
Kalatia,1313,Keraniganj,Dhaka,Dhaka,01883-259569,N/A,N/A,Google Maps Browser
Dhaka Jute Mills,1311,Keraniganj,Dhaka,Dhaka,N/A,N/A,N/A,Not Found
Ati,1312,Keraniganj,Dhaka,Dhaka,01602-595878,N/A,N/A,Google Maps Browser
Keraniganj,1310,Keraniganj,Dhaka,Dhaka,01996-728679,N/A,N/A,Google Maps Browser
Posta TSO,1211,Lalbag,Dhaka,Dhaka,01814-781485,N/A,N/A,Google Maps Browser
KhilgaonTSO,1219,Khilgaon,Dhaka,Dhaka,01778-782030,N/A,N/A,Google Maps Browser
KhilkhetTSO,1229,Khilkhet,Dhaka,Dhaka,N/A,N/A,N/A,Not Found
Mirpur TSO,1216,Mirpur,Dhaka,Dhaka,02-9002797,N/A,N/A,Google Maps Browser
Mohammadpur Housing,1207,Mohammadpur,Dhaka,Dhaka,01814-109139,N/A,N/A,Google Maps Browser
Sangsad BhabanTSO,1225,Mohammadpur,Dhaka,Dhaka,01314-988232,N/A,N/A,Google Maps Browser
BangabhabanTSO,1222,Motijheel,Dhaka,Dhaka,01718-818469,N/A,N/A,Google Maps Browser
DilkushaTSO,1223,Motijheel,Dhaka,Dhaka,880-29555531,N/A,N/A,Web Search
Agla,1323,Nawabganj,Dhaka,Dhaka,01602-595878,N/A,N/A,Google Maps Browser
Daudpur,1322,Nawabganj,Dhaka,Dhaka,01715-974940,N/A,N/A,Google Maps Browser
Churain,1325,Nawabganj,Dhaka,Dhaka,N/A,N/A,N/A,Not Found
Nawabganj,1320,Nawabganj,Dhaka,Dhaka,N/A,N/A,N/A,Not Found
Hasnabad,1321,Nawabganj,Dhaka,Dhaka,N/A,N/A,N/A,Not Found
New Market TSO,1205,New market,Dhaka,Dhaka,01914-332643,N/A,N/A,Google Maps Browser
Khalpar,1324,Nawabganj,Dhaka,Dhaka,01602-595878,N/A,N/A,Google Maps Browser
Dhaka GPO,1000,Palton,Dhaka,Dhaka,01715-974940,N/A,N/A,Google Maps Browser
Shantinagr TSO,1217,Ramna,Dhaka,Dhaka,880-28315128,N/A,N/A,Web Search
Basabo TSO,1214,Sabujbag,Dhaka,Dhaka,01718-818469,N/A,N/A,Google Maps Browser
Amin Bazar,1348,Savar,Dhaka,Dhaka,01972-222521,N/A,N/A,Google Maps Browser
EPZ,1349,Savar,Dhaka,Dhaka,0241060870,N/A,N/A,Web Search
Jahangirnagar Univer,1342,Savar,Dhaka,Dhaka,01729-055828,N/A,N/A,Google Maps Browser
Kashem Cotton Mills,1346,Savar,Dhaka,Dhaka,N/A,N/A,N/A,Not Found
Dairy Farm,1341,Savar,Dhaka,Dhaka,01716-669468,N/A,N/A,Google Maps Browser
Savar,1340,Savar,Dhaka,Dhaka,N/A,N/A,N/A,Not Found
Rajphulbaria,1347,Savar,Dhaka,Dhaka,N/A,N/A,N/A,Not Found
Savar Canttonment,1344,Savar,Dhaka,Dhaka,N/A,N/A,N/A,Not Found
Saver P.A.T.C,1343,Savar,Dhaka,Dhaka,01929-708415,N/A,N/A,Web Search
Dhaka Sadar HO,1100,Sutrapur,Dhaka,Dhaka,01979935844,N/A,N/A,Web Search
Shimulia,1345,Savar,Dhaka,Dhaka,N/A,N/A,N/A,Not Found
Gendaria TSO,1204,Sutrapur,Dhaka,Dhaka,880-1726632365,N/A,N/A,Web Search
Dhaka Politechnic,1208,Tejgaon Industrial Area,Dhaka,Dhaka,01848-015263,N/A,N/A,Web Search
Uttara Model TwonTSO,1230,Uttara,Dhaka,Dhaka,01719-097120,N/A,N/A,Web Search
Wari TSO,1203,Sutrapur,Dhaka,Dhaka,880-29555531,N/A,N/A,Web Search
Tejgaon TSO,1215,Tejgaon,Dhaka,Dhaka,01814-781485,N/A,N/A,Web Search
Alfadanga,7870,Alfadanga,Faridpur,Dhaka,N/A,N/A,N/A,Not Found
Bhanga,7830,Bhanga,Faridpur,Dhaka,+8801713273990,N/A,N/A,Web Search
Boalmari,7860,Boalmari,Faridpur,Dhaka,N/A,N/A,N/A,Not Found
Rupatpat,7861,Boalmari,Faridpur,Dhaka,N/A,N/A,N/A,Not Found
Charbadrashan,7810,Charbhadrasan,Faridpur,Dhaka,N/A,N/A,N/A,Not Found
Baitulaman Politecni,7803,Faridpur Sadar,Faridpur,Dhaka,N/A,N/A,N/A,Not Found
Faridpursadar,7800,Faridpur Sadar,Faridpur,Dhaka,01709-999920,N/A,N/A,Web Search
Ambikapur,7802,Faridpur Sadar,Faridpur,Dhaka,N/A,N/A,N/A,Not Found
Madukhali,7850,Madukhali,Faridpur,Dhaka,N/A,N/A,N/A,Not Found
Nagarkanda,7840,Nagarkanda,Faridpur,Dhaka,01711516476,N/A,N/A,Web Search
Kanaipur,7801,Faridpur Sadar,Faridpur,Dhaka,N/A,N/A,N/A,Not Found
Kamarkali,7851,Madukhali,Faridpur,Dhaka,N/A,N/A,N/A,Not Found
Hat Krishapur,7821,Sadarpur,Faridpur,Dhaka,N/A,N/A,N/A,Not Found
Sadarpur,7820,Sadarpur,Faridpur,Dhaka,01731-672946,N/A,N/A,Google Maps Browser
Talma,7841,Nagarkanda,Faridpur,Dhaka,N/A,N/A,N/A,Not Found
Bishwa jaker Manjil,7822,Sadarpur,Faridpur,Dhaka,01731-672946,N/A,N/A,Google Maps Browser
B.R.R,1701,Gazipur Sadar,Gazipur,Dhaka,N/A,N/A,N/A,Not Found
Shriangan,7804,Shriangan,Faridpur,Dhaka,01731-672946,N/A,N/A,Google Maps Browser
B.O.F,1703,Gazipur Sadar,Gazipur,Dhaka,01915-869475,N/A,N/A,Google Maps Browser
Gazipur Sadar,1700,Gazipur Sadar,Gazipur,Dhaka,01682-608966,N/A,N/A,Google Maps Browser
Kaliakaar,1750,Kaliakaar,Gazipur,Dhaka,01337-026804,N/A,N/A,Google Maps Browser
Chandna,1702,Gazipur Sadar,Gazipur,Dhaka,N/A,N/A,N/A,Not Found
National University,1704,Gazipur Sadar,Gazipur,Dhaka,09638-331138,N/A,N/A,Web Search
Safipur,1751,Kaliakaar,Gazipur,Dhaka,01934-121910,N/A,N/A,Google Maps Browser
Kaliganj,1720,Kaliganj,Gazipur,Dhaka,N/A,N/A,N/A,Not Found
Pubail,1721,Kaliganj,Gazipur,Dhaka,01716-642166,N/A,N/A,Google Maps Browser
Santanpara,1722,Kaliganj,Gazipur,Dhaka,01713-529543,N/A,N/A,Google Maps Browser
Ershad Nagar,1712,Monnunagar,Gazipur,Dhaka,N/A,N/A,N/A,Not Found
Vaoal Jamalpur,1723,Kaliganj,Gazipur,Dhaka,N/A,N/A,N/A,Not Found
Monnunagar,1710,Monnunagar,Gazipur,Dhaka,01915-869475,N/A,N/A,Google Maps Browser
kapashia,1730,Kapashia,Gazipur,Dhaka,01915-869475,N/A,N/A,Google Maps Browser
Nishat Nagar,1711,Monnunagar,Gazipur,Dhaka,01838-019616,N/A,N/A,Google Maps Browser
Bashamur,1747,Sreepur,Gazipur,Dhaka,01682-608966,N/A,N/A,Google Maps Browser
Boubi,1748,Sreepur,Gazipur,Dhaka,09666-730730,N/A,N/A,Google Maps Browser
Barmi,1743,Sreepur,Gazipur,Dhaka,N/A,N/A,N/A,Not Found
Kawraid,1745,Sreepur,Gazipur,Dhaka,01988-668520,N/A,N/A,Google Maps Browser
Satkhamair,1744,Sreepur,Gazipur,Dhaka,01757-446544,N/A,N/A,Google Maps Browser
Sreepur,1740,Sreepur,Gazipur,Dhaka,01538-036263,N/A,N/A,Google Maps Browser
Rajendrapur,1741,Sripur,Gazipur,Dhaka,01304-740250,N/A,N/A,Google Maps Browser
Rajendrapur Canttome,1742,Sripur,Gazipur,Dhaka,01715-382325,N/A,N/A,Google Maps Browser
Chandradighalia,8013,Gopalganj Sadar,Gopalganj,Dhaka,01719-261128,N/A,N/A,Google Maps Browser
Barfa,8102,Gopalganj Sadar,Gopalganj,Dhaka,N/A,N/A,N/A,Not Found
Gopalganj Sadar,8100,Gopalganj Sadar,Gopalganj,Dhaka,01719-261128,N/A,N/A,Google Maps Browser
Jonapur,8133,Kashiani,Gopalganj,Dhaka,01719-261128,N/A,N/A,Google Maps Browser
Ulpur,8101,Gopalganj Sadar,Gopalganj,Dhaka,N/A,N/A,N/A,Not Found
Ramdia College,8131,Kashiani,Gopalganj,Dhaka,01718-791592,N/A,N/A,Web Search
Kashiani,8130,Kashiani,Gopalganj,Dhaka,06652-56220,N/A,N/A,Google Maps Browser
Batkiamari,8141,Maksudpur,Gopalganj,Dhaka,N/A,N/A,N/A,Not Found
Khandarpara,8142,Maksudpur,Gopalganj,Dhaka,01719-261128,N/A,N/A,Google Maps Browser
Kotalipara,8110,Kotalipara,Gopalganj,Dhaka,01555-300000,N/A,N/A,Google Maps Browser
Ratoil,8132,Kashiani,Gopalganj,Dhaka,01719-261128,N/A,N/A,Google Maps Browser
Patgati,8121,Tungipara,Gopalganj,Dhaka,01719-261128,N/A,N/A,Google Maps Browser
Tungipara,8120,Tungipara,Gopalganj,Dhaka,+880 1730-038060,N/A,N/A,Web Search
Maksudpur,8140,Maksudpur,Gopalganj,Dhaka,01719-261128,N/A,N/A,Google Maps Browser
Dewangonj,2030,Dewangonj,Jamalpur,Dhaka,01977-738442,N/A,N/A,Google Maps Browser
Durmoot,2021,Islampur,Jamalpur,Dhaka,01977-738442,N/A,N/A,Google Maps Browser
Dewangonj S. Mills,2031,Dewangonj,Jamalpur,Dhaka,01977-738442,N/A,N/A,Google Maps Browser
Gilabari,2022,Islampur,Jamalpur,Dhaka,01977-738442,N/A,N/A,Google Maps Browser
Nandina,2001,Jamalpur,Jamalpur,Dhaka,01977-738442,N/A,N/A,Google Maps Browser
Jamalpur,2000,Jamalpur,Jamalpur,Dhaka,01977-738442,N/A,N/A,Google Maps Browser
Islampur,2020,Islampur,Jamalpur,Dhaka,N/A,N/A,N/A,Not Found
Narundi,2002,Jamalpur,Jamalpur,Dhaka,N/A,N/A,N/A,Not Found
Mahmoodpur,2013,Malandah,Jamalpur,Dhaka,01977-738442,N/A,N/A,Google Maps Browser
Malancha,2012,Malandah,Jamalpur,Dhaka,01977-738442,N/A,N/A,Google Maps Browser
Jamalpur,2011,Malandah,Jamalpur,Dhaka,01977-738442,N/A,N/A,Google Maps Browser
Malandah,2010,Malandah,Jamalpur,Dhaka,N/A,N/A,N/A,Not Found
Balijhuri,2041,Mathargonj,Jamalpur,Dhaka,01977-738442,N/A,N/A,Google Maps Browser
Mathargonj,2040,Mathargonj,Jamalpur,Dhaka,01977-738442,N/A,N/A,Google Maps Browser
Bausee,2052,Shorishabari,Jamalpur,Dhaka,01977-738442,N/A,N/A,Google Maps Browser
Gunerbari,2051,Shorishabari,Jamalpur,Dhaka,01977-738442,N/A,N/A,Google Maps Browser
Jagannath Ghat,2053,Shorishabari,Jamalpur,Dhaka,01977-738442,N/A,N/A,Google Maps Browser
Jamuna Sar Karkhana,2055,Shorishabari,Jamalpur,Dhaka,01977-738442,N/A,N/A,Google Maps Browser
Pingna,2054,Shorishabari,Jamalpur,Dhaka,N/A,N/A,N/A,Not Found
Laksmipur,2338,Bajitpur,Kishoreganj,Dhaka,01937-691273,N/A,N/A,Google Maps Browser
Shorishabari,2050,Shorishabari,Jamalpur,Dhaka,01977-738442,N/A,N/A,Google Maps Browser
Bajitpur,2336,Bajitpur,Kishoreganj,Dhaka,01877-173260,N/A,N/A,Google Maps Browser
Bhairab,2350,Bhairob,Kishoreganj,Dhaka,01687-869848,N/A,N/A,Google Maps Browser
Sararchar,2337,Bajitpur,Kishoreganj,Dhaka,01994-681916,N/A,N/A,Web Search
Hossenpur,2320,Hossenpur,Kishoreganj,Dhaka,01525-800856,N/A,N/A,Google Maps Browser
Itna,2390,Itna,Kishoreganj,Dhaka,01994-681916,N/A,N/A,Web Search
Karimganj,2310,Karimganj,Kishoreganj,Dhaka,N/A,N/A,N/A,Not Found
Katiadi,2330,Katiadi,Kishoreganj,Dhaka,01780-716016,N/A,N/A,Google Maps Browser
Gochhihata,2331,Katiadi,Kishoreganj,Dhaka,01937-691273,N/A,N/A,Google Maps Browser
Kishoreganj S.Mills,2301,Kishoreganj Sadar,Kishoreganj,Dhaka,01937-691273,N/A,N/A,Google Maps Browser
Kishoreganj Sadar,2300,Kishoreganj Sadar,Kishoreganj,Dhaka,01937-691273,N/A,N/A,Google Maps Browser
Maizhati,2302,Kishoreganj Sadar,Kishoreganj,Dhaka,01937-691273,N/A,N/A,Google Maps Browser
Nilganj,2303,Kishoreganj Sadar,Kishoreganj,Dhaka,01937-691273,N/A,N/A,Google Maps Browser
Kuliarchar,2340,Kuliarchar,Kishoreganj,Dhaka,01847-988257,N/A,N/A,Google Maps Browser
Chhoysuti,2341,Kuliarchar,Kishoreganj,Dhaka,01937-691273,N/A,N/A,Google Maps Browser
MIthamoin,2370,Mithamoin,Kishoreganj,Dhaka,086431644834,N/A,N/A,Web Search
Abdullahpur,2371,Mithamoin,Kishoreganj,Dhaka,01937-691273,N/A,N/A,Google Maps Browser
Pakundia,2326,Pakundia,Kishoreganj,Dhaka,01905-166317,N/A,N/A,Google Maps Browser
Nikli,2360,Nikli,Kishoreganj,Dhaka,01937-691273,N/A,N/A,Google Maps Browser
Ostagram,2380,Ostagram,Kishoreganj,Dhaka,01994-681916,N/A,N/A,Web Search
Tarial,2316,Tarial,Kishoreganj,Dhaka,01937-691273,N/A,N/A,Google Maps Browser
Nilaksmibandar,7931,Barhamganj,Madaripur,Dhaka,N/A,N/A,N/A,Not Found
Bahadurpur,7932,Barhamganj,Madaripur,Dhaka,01739-516700,N/A,N/A,Google Maps Browser
Umedpur,7933,Barhamganj,Madaripur,Dhaka,N/A,N/A,N/A,Not Found
Barhamganj,7930,Barhamganj,Madaripur,Dhaka,01715-256638,N/A,N/A,Google Maps Browser
Kalkini,7920,kalkini,Madaripur,Dhaka,N/A,N/A,N/A,Not Found
Habiganj,7903,Madaripur Sadar,Madaripur,Dhaka,01328-079162,N/A,N/A,Google Maps Browser
Charmugria,7901,Madaripur Sadar,Madaripur,Dhaka,N/A,N/A,N/A,Not Found
Sahabrampur,7921,kalkini,Madaripur,Dhaka,01614-739799,N/A,N/A,Google Maps Browser
Kulpaddi,7902,Madaripur Sadar,Madaripur,Dhaka,N/A,N/A,N/A,Not Found
Madaripur Sadar,7900,Madaripur Sadar,Madaripur,Dhaka,01733-393347,N/A,N/A,Google Maps Browser
Mustafapur,7904,Madaripur Sadar,Madaripur,Dhaka,N/A,N/A,N/A,Not Found
Rajoir,7910,Rajoir,Madaripur,Dhaka,N/A,N/A,N/A,Not Found
Khalia,7911,Rajoir,Madaripur,Dhaka,N/A,N/A,N/A,Not Found
Doulatpur,1860,Doulatpur,Manikganj,Dhaka,01894-066238,N/A,N/A,Google Maps Browser
Jhitka,1831,Lechhraganj,Manikganj,Dhaka,N/A,N/A,N/A,Not Found
Gheor,1840,Gheor,Manikganj,Dhaka,01894-066238,N/A,N/A,Google Maps Browser
Barangail,1804,Manikganj Sadar,Manikganj,Dhaka,01894-066238,N/A,N/A,Google Maps Browser
Lechhraganj,1830,Lechhraganj,Manikganj,Dhaka,01894-066238,N/A,N/A,Google Maps Browser
Gorpara,1802,Manikganj Sadar,Manikganj,Dhaka,01894-066238,N/A,N/A,Google Maps Browser
Manikganj Sadar,1800,Manikganj Sadar,Manikganj,Dhaka,01894-066238,N/A,N/A,Google Maps Browser
Manikganj Bazar,1801,Manikganj Sadar,Manikganj,Dhaka,01894-066238,N/A,N/A,Google Maps Browser
Baliati,1811,Saturia,Manikganj,Dhaka,01719-883936,N/A,N/A,Google Maps Browser
Mahadebpur,1803,Manikganj Sadar,Manikganj,Dhaka,01894-066238,N/A,N/A,Google Maps Browser
Saturia,1810,Saturia,Manikganj,Dhaka,01713353317,N/A,N/A,Web Search
Aricha,1851,Shibloya,Manikganj,Dhaka,01894-066238,N/A,N/A,Google Maps Browser
Shibaloy,1850,Shibloya,Manikganj,Dhaka,01894-066238,N/A,N/A,Google Maps Browser
Baira,1821,Singari,Manikganj,Dhaka,01894-066238,N/A,N/A,Google Maps Browser
joymantop,1822,Singari,Manikganj,Dhaka,01894-066238,N/A,N/A,Google Maps Browser
Uthli,1853,Shibloya,Manikganj,Dhaka,01894-066238,N/A,N/A,Google Maps Browser
Tewta,1852,Shibloya,Manikganj,Dhaka,01894-066238,N/A,N/A,Google Maps Browser
Singair,1820,Singari,Manikganj,Dhaka,01804-679079,N/A,N/A,Google Maps Browser
Rasulpur,1512,Gajaria,Munshiganj,Dhaka,01930-374292,N/A,N/A,Google Maps Browser
Hossendi,1511,Gajaria,Munshiganj,Dhaka,01711-457483,N/A,N/A,Google Maps Browser
Gouragonj,1334,Lohajong,Munshiganj,Dhaka,01711-457483,N/A,N/A,Google Maps Browser
Gajaria,1510,Gajaria,Munshiganj,Dhaka,01711-457483,N/A,N/A,Google Maps Browser
Gouragonj,1534,Lohajong,Munshiganj,Dhaka,01711-457483,N/A,N/A,Google Maps Browser
Haridia,1333,Lohajong,Munshiganj,Dhaka,01711-457483,N/A,N/A,Google Maps Browser
Haridia DESO,1533,Lohajong,Munshiganj,Dhaka,01711-457483,N/A,N/A,Google Maps Browser
Haldia SO,1532,Lohajong,Munshiganj,Dhaka,01711-780466,N/A,N/A,Google Maps Browser
Korhati,1531,Lohajong,Munshiganj,Dhaka,01711-457483,N/A,N/A,Google Maps Browser
Lohajang,1530,Lohajong,Munshiganj,Dhaka,N/A,N/A,N/A,Not Found
Medini Mandal EDSO,1535,Lohajong,Munshiganj,Dhaka,01711-457483,N/A,N/A,Google Maps Browser
Madini Mandal,1335,Lohajong,Munshiganj,Dhaka,01711-457483,N/A,N/A,Google Maps Browser
Kathakhali,1503,Munshiganj Sadar,Munshiganj,Dhaka,01711-457483,N/A,N/A,Google Maps Browser
Munshiganj Sadar,1500,Munshiganj Sadar,Munshiganj,Dhaka,01711-457483,N/A,N/A,Google Maps Browser
Mirkadim,1502,Munshiganj Sadar,Munshiganj,Dhaka,N/A,N/A,N/A,Not Found
Rikabibazar,1501,Munshiganj Sadar,Munshiganj,Dhaka,N/A,N/A,N/A,Not Found
Ichapur,1542,Sirajdikhan,Munshiganj,Dhaka,01711-457483,N/A,N/A,Google Maps Browser
Kola,1541,Sirajdikhan,Munshiganj,Dhaka,01711-457483,N/A,N/A,Google Maps Browser
Shekher Nagar,1544,Sirajdikhan,Munshiganj,Dhaka,01711-457483,N/A,N/A,Google Maps Browser
Malkha Nagar,1543,Sirajdikhan,Munshiganj,Dhaka,01711-457483,N/A,N/A,Google Maps Browser
Baghra,1557,Srinagar,Munshiganj,Dhaka,01711-457483,N/A,N/A,Google Maps Browser
Sirajdikhan,1540,Sirajdikhan,Munshiganj,Dhaka,N/A,N/A,N/A,Not Found
Barikhal,1551,Srinagar,Munshiganj,Dhaka,01711-457483,N/A,N/A,Google Maps Browser
Hashara,1553,Srinagar,Munshiganj,Dhaka,N/A,N/A,N/A,Not Found
Bhaggyakul,1558,Srinagar,Munshiganj,Dhaka,N/A,N/A,N/A,Not Found
Kolapara,1554,Srinagar,Munshiganj,Dhaka,01711-457483,N/A,N/A,Google Maps Browser
Kumarbhog,1555,Srinagar,Munshiganj,Dhaka,01711-457483,N/A,N/A,Google Maps Browser
Srinagar,1550,Srinagar,Munshiganj,Dhaka,01779-618776,N/A,N/A,Google Maps Browser
Mazpara,1552,Srinagar,Munshiganj,Dhaka,01711-457483,N/A,N/A,Google Maps Browser
Vaggyakul SO,1556,Srinagar,Munshiganj,Dhaka,01711-457483,N/A,N/A,Google Maps Browser
Bajrajugini,1523,Tangibari,Munshiganj,Dhaka,01711-457483,N/A,N/A,Google Maps Browser
Baligao,1522,Tangibari,Munshiganj,Dhaka,N/A,N/A,N/A,Not Found
Betkahat,1521,Tangibari,Munshiganj,Dhaka,01711-457483,N/A,N/A,Google Maps Browser
Dighirpar,1525,Tangibari,Munshiganj,Dhaka,01711-457483,N/A,N/A,Google Maps Browser
Hasail,1524,Tangibari,Munshiganj,Dhaka,01711-457483,N/A,N/A,Google Maps Browser
Pura,1527,Tangibari,Munshiganj,Dhaka,01711-457483,N/A,N/A,Google Maps Browser
Tangibari,1520,Tangibari,Munshiganj,Dhaka,N/A,N/A,N/A,Not Found
Pura EDSO,1526,Tangibari,Munshiganj,Dhaka,01711-457483,N/A,N/A,Google Maps Browser
Bhaluka,2240,Bhaluka,Mymensingh,Dhaka,01709-999935,N/A,N/A,Google Maps Browser
Duttarbazar,2234,Gaforgaon,Mymensingh,Dhaka,01795-541444,N/A,N/A,Google Maps Browser
Gaforgaon,2230,Gaforgaon,Mymensingh,Dhaka,01709999936,N/A,N/A,Web Search
Fulbaria,2216,Fulbaria,Mymensingh,Dhaka,N/A,N/A,N/A,Not Found
Kandipara,2233,Gaforgaon,Mymensingh,Dhaka,01732-347199,N/A,N/A,Google Maps Browser
Shibganj,2231,Gaforgaon,Mymensingh,Dhaka,01795-541444,N/A,N/A,Google Maps Browser
Usti,2232,Gaforgaon,Mymensingh,Dhaka,01795-541444,N/A,N/A,Google Maps Browser
Ramgopalpur,2271,Gouripur,Mymensingh,Dhaka,01795-541444,N/A,N/A,Google Maps Browser
Gouripur,2270,Gouripur,Mymensingh,Dhaka,01795-541444,N/A,N/A,Google Maps Browser
Haluaghat,2260,Haluaghat,Mymensingh,Dhaka,01709999936,N/A,N/A,Web Search
Atharabari,2282,Isshwargonj,Mymensingh,Dhaka,01795-541444,N/A,N/A,Google Maps Browser
Munshirhat,2262,Haluaghat,Mymensingh,Dhaka,01795-541444,N/A,N/A,Google Maps Browser
Isshwargonj,2280,Isshwargonj,Mymensingh,Dhaka,01795-541444,N/A,N/A,Google Maps Browser
Muktagachha,2210,Muktagachha,Mymensingh,Dhaka,+8801737939548,N/A,N/A,Web Search
Sohagi,2281,Isshwargonj,Mymensingh,Dhaka,01795-541444,N/A,N/A,Google Maps Browser
Agriculture Universi,2202,Mymensingh Sadar,Mymensingh,Dhaka,01923-904784,N/A,N/A,Google Maps Browser
Kawatkhali,2201,Mymensingh Sadar,Mymensingh,Dhaka,01873-823099,N/A,N/A,Google Maps Browser
Biddyaganj,2204,Mymensingh Sadar,Mymensingh,Dhaka,01795-541444,N/A,N/A,Google Maps Browser
Mymensingh Sadar,2200,Mymensingh Sadar,Mymensingh,Dhaka,01795-541444,N/A,N/A,Google Maps Browser
Pearpur,2205,Mymensingh Sadar,Mymensingh,Dhaka,01795-541444,N/A,N/A,Google Maps Browser
Shombhuganj,2203,Mymensingh Sadar,Mymensingh,Dhaka,01795-541444,N/A,N/A,Google Maps Browser
Dhara,2261,Haluaghat,Mymensingh,Dhaka,01795-541444,N/A,N/A,Google Maps Browser
Gangail,2291,Nandail,Mymensingh,Dhaka,01795-541444,N/A,N/A,Google Maps Browser
Nandail,2290,Nandail,Mymensingh,Dhaka,01714-200981,N/A,N/A,Google Maps Browser
Beltia,2251,Phulpur,Mymensingh,Dhaka,01795-541444,N/A,N/A,Google Maps Browser
Phulpur,2250,Phulpur,Mymensingh,Dhaka,01795-541444,N/A,N/A,Google Maps Browser
Tarakanda,2252,Phulpur,Mymensingh,Dhaka,N/A,N/A,N/A,Not Found
Ram Amritaganj,2222,Trishal,Mymensingh,Dhaka,01795-541444,N/A,N/A,Google Maps Browser
Ahmadbad,2221,Trishal,Mymensingh,Dhaka,01795-541444,N/A,N/A,Google Maps Browser
Dhala,2223,Trishal,Mymensingh,Dhaka,01795-541444,N/A,N/A,Google Maps Browser
Trishal,2220,Trishal,Mymensingh,Dhaka,01736-768446,N/A,N/A,Google Maps Browser
Araihazar,1450,Araihazar,Narayanganj,Dhaka,01949-890422,N/A,N/A,Google Maps Browser
Baidder Bazar,1440,Baidder Bazar,Narayanganj,Dhaka,01949-890422,N/A,N/A,Google Maps Browser
Bara Nagar,1441,Baidder Bazar,Narayanganj,Dhaka,01949-890422,N/A,N/A,Google Maps Browser
Gopaldi,1451,Araihazar,Narayanganj,Dhaka,050412467319,N/A,N/A,Web Search
Barodi,1442,Baidder Bazar,Narayanganj,Dhaka,+8801718981529,N/A,N/A,Web Search
Bandar,1410,Bandar,Narayanganj,Dhaka,N/A,N/A,N/A,Not Found
Madanganj,1414,Bandar,Narayanganj,Dhaka,N/A,N/A,N/A,Not Found
D.C Mills,1411,Bandar,Narayanganj,Dhaka,050412467319,N/A,N/A,Web Search
BIDS,1413,Bandar,Narayanganj,Dhaka,N/A,N/A,N/A,Not Found
Nabiganj,1412,Bandar,Narayanganj,Dhaka,N/A,N/A,N/A,Not Found
Fatulla Bazar,1421,Fatullah,Narayanganj,Dhaka,01853-766846,N/A,N/A,Web Search
Bhulta,1462,Rupganj,Narayanganj,Dhaka,N/A,N/A,N/A,Not Found
Fatullah,1420,Fatullah,Narayanganj,Dhaka,N/A,N/A,N/A,Not Found
Narayanganj Sadar,1400,Narayanganj Sadar,Narayanganj,Dhaka,N/A,N/A,N/A,Not Found
Kanchan,1461,Rupganj,Narayanganj,Dhaka,050412467319,N/A,N/A,Web Search
Murapara,1464,Rupganj,Narayanganj,Dhaka,01675-223888,N/A,N/A,Web Search
Nagri,1463,Rupganj,Narayanganj,Dhaka,N/A,N/A,N/A,Not Found
Rupganj,1460,Rupganj,Narayanganj,Dhaka,N/A,N/A,N/A,Not Found
Siddirganj,1430,Siddirganj,Narayanganj,Dhaka,+880 1720-806241,N/A,N/A,Web Search
LN Mills,1432,Siddirganj,Narayanganj,Dhaka,050412467319,N/A,N/A,Web Search
Adamjeenagar,1431,Siddirganj,Narayanganj,Dhaka,N/A,N/A,N/A,Not Found
Hatirdia,1651,Monohordi,Narshingdi,Dhaka,N/A,N/A,N/A,Not Found
Belabo,1640,Belabo,Narshingdi,Dhaka,+8801710508079,N/A,N/A,Web Search
Monohordi,1650,Monohordi,Narshingdi,Dhaka,N/A,N/A,N/A,Not Found
Karimpur,1605,Narshingdi Sadar,Narshingdi,Dhaka,N/A,N/A,N/A,Not Found
Katabaria,1652,Monohordi,Narshingdi,Dhaka,N/A,N/A,N/A,Not Found
Madhabdi,1604,Narshingdi Sadar,Narshingdi,Dhaka,N/A,N/A,N/A,Not Found
Narshingdi College,1602,Narshingdi Sadar,Narshingdi,Dhaka,+8801923124448,N/A,N/A,Web Search
Narshingdi Sadar,1600,Narshingdi Sadar,Narshingdi,Dhaka,N/A,N/A,N/A,Not Found
UMC Jute Mills,1601,Narshingdi Sadar,Narshingdi,Dhaka,N/A,N/A,N/A,Not Found
Panchdona,1603,Narshingdi Sadar,Narshingdi,Dhaka,N/A,N/A,N/A,Not Found
Char Sindhur,1612,Palash,Narshingdi,Dhaka,N/A,N/A,N/A,Not Found
Ghorashal,1613,Palash,Narshingdi,Dhaka,N/A,N/A,N/A,Not Found
Ghorashal Urea Facto,1611,Palash,Narshingdi,Dhaka,N/A,N/A,N/A,Not Found
Bazar Hasnabad,1631,Raypura,Narshingdi,Dhaka,N/A,N/A,N/A,Not Found
Palash,1610,Palash,Narshingdi,Dhaka,N/A,N/A,N/A,Not Found
Raypura,1630,Raypura,Narshingdi,Dhaka,N/A,N/A,N/A,Not Found
Radhaganj bazar,1632,Raypura,Narshingdi,Dhaka,N/A,N/A,N/A,Not Found
Shibpur,1620,Shibpur,Narshingdi,Dhaka,N/A,N/A,N/A,Not Found
Susnng Durgapur,2420,Susung Durgapur,Netrakona,Dhaka,N/A,N/A,N/A,Not Found
Atpara,2470,Atpara,Netrakona,Dhaka,N/A,N/A,N/A,Not Found
Barhatta,2440,Barhatta,Netrakona,Dhaka,N/A,N/A,N/A,Not Found
Dhobaura,2416,Dhobaura,Netrakona,Dhaka,N/A,N/A,N/A,Not Found
Dharampasha,2450,Dharmapasha,Netrakona,Dhaka,04342-260143,N/A,N/A,Web Search
Kalmakanda,2430,Kalmakanda,Netrakona,Dhaka,N/A,N/A,N/A,Not Found
Kendua,2480,Kendua,Netrakona,Dhaka,01875-502201,N/A,N/A,Web Search
Sakoai,2417,Dhobaura,Netrakona,Dhaka,N/A,N/A,N/A,Not Found
Khaliajhri,2460,Khaliajuri,Netrakona,Dhaka,N/A,N/A,N/A,Not Found
Shaldigha,2462,Khaliajuri,Netrakona,Dhaka,N/A,N/A,N/A,Not Found
Moddoynagar,2456,Moddhynagar,Netrakona,Dhaka,N/A,N/A,N/A,Not Found
Madan,2490,Madan,Netrakona,Dhaka,N/A,N/A,N/A,Not Found
Baikherhati,2401,Netrakona Sadar,Netrakona,Dhaka,N/A,N/A,N/A,Not Found
Mohanganj,2446,Mohanganj,Netrakona,Dhaka,N/A,N/A,N/A,Not Found
Jaria Jhanjhail,2412,Purbadhola,Netrakona,Dhaka,N/A,N/A,N/A,Not Found
Purbadhola,2410,Purbadhola,Netrakona,Dhaka,N/A,N/A,N/A,Not Found
Netrakona Sadar,2400,Netrakona Sadar,Netrakona,Dhaka,N/A,N/A,N/A,Not Found
Shamgonj,2411,Purbadhola,Netrakona,Dhaka,N/A,N/A,N/A,Not Found
Baliakandi,7730,Baliakandi,Rajbari,Dhaka,N/A,N/A,N/A,Not Found
Mrigibazar,7723,Pangsha,Rajbari,Dhaka,N/A,N/A,N/A,Not Found
Pangsha,7720,Pangsha,Rajbari,Dhaka,N/A,N/A,N/A,Not Found
Nalia,7731,Baliakandi,Rajbari,Dhaka,N/A,N/A,N/A,Not Found
Ramkol,7721,Pangsha,Rajbari,Dhaka,N/A,N/A,N/A,Not Found
Goalanda,7710,Rajbari Sadar,Rajbari,Dhaka,N/A,N/A,N/A,Not Found
Khankhanapur,7711,Rajbari Sadar,Rajbari,Dhaka,N/A,N/A,N/A,Not Found
Ratandia,7722,Pangsha,Rajbari,Dhaka,N/A,N/A,N/A,Not Found
Rajbari Sadar,7700,Rajbari Sadar,Rajbari,Dhaka,01838-811028,N/A,N/A,Web Search
Bhedorganj,8030,Bhedorganj,Shariatpur,Dhaka,N/A,N/A,N/A,Not Found
Damudhya,8040,Damudhya,Shariatpur,Dhaka,N/A,N/A,N/A,Not Found
Jajira,8010,Jajira,Shariatpur,Dhaka,+880 1951-022721,N/A,N/A,Web Search
Gosairhat,8050,Gosairhat,Shariatpur,Dhaka,N/A,N/A,N/A,Not Found
Bhozeshwar,8021,Naria,Shariatpur,Dhaka,N/A,N/A,N/A,Not Found
Gharisar,8022,Naria,Shariatpur,Dhaka,N/A,N/A,N/A,Not Found
Kartikpur,8024,Naria,Shariatpur,Dhaka,N/A,N/A,N/A,Not Found
Naria,8020,Naria,Shariatpur,Dhaka,N/A,N/A,N/A,Not Found
Upshi,8023,Naria,Shariatpur,Dhaka,N/A,N/A,N/A,Not Found
Angaria,8001,Shariatpur Sadar,Shariatpur,Dhaka,N/A,N/A,N/A,Not Found
Chikandi,8002,Shariatpur Sadar,Shariatpur,Dhaka,N/A,N/A,N/A,Not Found
Bakshigonj,2140,Bakshigonj,Sherpur,Dhaka,N/A,N/A,N/A,Not Found
Shariatpur Sadar,8000,Shariatpur Sadar,Shariatpur,Dhaka,02478815405,N/A,N/A,Web Search
Nakla,2150,Nakla,Sherpur,Dhaka,N/A,N/A,N/A,Not Found
Gonopaddi,2151,Nakla,Sherpur,Dhaka,N/A,N/A,N/A,Not Found
Jhinaigati,2120,Jhinaigati,Sherpur,Dhaka,N/A,N/A,N/A,Not Found
Hatibandha,2111,Nalitabari,Sherpur,Dhaka,01713373126,N/A,N/A,Web Search
Sherpur Shadar,2100,Sherpur Shadar,Sherpur,Dhaka,01716-434053,N/A,N/A,Web Search
Nalitabari,2110,Nalitabari,Sherpur,Dhaka,N/A,N/A,N/A,Not Found
Shribardi,2130,Shribardi,Sherpur,Dhaka,N/A,N/A,N/A,Not Found
Bhuapur,1960,Bhuapur,Tangail,Dhaka,01719-527201,N/A,N/A,Web Search
Basail,1920,Basail,Tangail,Dhaka,N/A,N/A,N/A,Not Found
Delduar,1910,Delduar,Tangail,Dhaka,N/A,N/A,N/A,Not Found
Elasin,1913,Delduar,Tangail,Dhaka,01709-999948,N/A,N/A,Web Search
Hinga Nagar,1914,Delduar,Tangail,Dhaka,N/A,N/A,N/A,Not Found
Lowhati,1915,Delduar,Tangail,Dhaka,N/A,N/A,N/A,Not Found
Patharail,1912,Delduar,Tangail,Dhaka,N/A,N/A,N/A,Not Found
D. Pakutia,1982,Ghatail,Tangail,Dhaka,N/A,N/A,N/A,Not Found
Jangalia,1911,Delduar,Tangail,Dhaka,+880 1709-999948,N/A,N/A,Web Search
Ghatial,1980,Ghatail,Tangail,Dhaka,N/A,N/A,N/A,Not Found
Dhalapara,1983,Ghatail,Tangail,Dhaka,01709-999948,N/A,N/A,Web Search
Lohani,1984,Ghatail,Tangail,Dhaka,+880 1972-737771,N/A,N/A,Web Search
Zahidganj,1981,Ghatail,Tangail,Dhaka,N/A,N/A,N/A,Not Found
Gopalpur,1990,Gopalpur,Tangail,Dhaka,N/A,N/A,N/A,Not Found
Jhowail,1991,Gopalpur,Tangail,Dhaka,N/A,N/A,N/A,Not Found
Hemnagar,1992,Gopalpur,Tangail,Dhaka,N/A,N/A,N/A,Not Found
Ballabazar,1973,Kalihati,Tangail,Dhaka,N/A,N/A,N/A,Not Found
Elinga,1974,Kalihati,Tangail,Dhaka,N/A,N/A,N/A,Not Found
Nagarbari SO,1976,Kalihati,Tangail,Dhaka,N/A,N/A,N/A,Not Found
Nagarbari,1977,Kalihati,Tangail,Dhaka,N/A,N/A,N/A,Not Found
Kalihati,1970,Kalihati,Tangail,Dhaka,+880 1972-737771,N/A,N/A,Web Search
Nagbari,1972,Kalihati,Tangail,Dhaka,N/A,N/A,N/A,Not Found
Palisha,1975,Kalihati,Tangail,Dhaka,N/A,N/A,N/A,Not Found
Kashkawlia,1930,Kashkaolia,Tangail,Dhaka,+880 1972-737771,N/A,N/A,Web Search
Rajafair,1971,Kalihati,Tangail,Dhaka,+880 1972-737771,N/A,N/A,Web Search
Dhobari,1997,Madhupur,Tangail,Dhaka,N/A,N/A,N/A,Not Found
Madhupur,1996,Madhupur,Tangail,Dhaka,N/A,N/A,N/A,Not Found
M.C. College,1942,Mirzapur,Tangail,Dhaka,N/A,N/A,N/A,Not Found
Jarmuki,1944,Mirzapur,Tangail,Dhaka,N/A,N/A,N/A,Not Found
Mirzapur,1940,Mirzapur,Tangail,Dhaka,+880 1758-264626,N/A,N/A,Web Search
Gorai,1941,Mirzapur,Tangail,Dhaka,+880 1972-737771,N/A,N/A,Web Search
Mohera,1945,Mirzapur,Tangail,Dhaka,N/A,N/A,N/A,Not Found
Dhuburia,1937,Nagarpur,Tangail,Dhaka,N/A,N/A,N/A,Not Found
Warri paikpara,1943,Mirzapur,Tangail,Dhaka,01709-999948,N/A,N/A,Web Search
Salimabad,1938,Nagarpur,Tangail,Dhaka,N/A,N/A,N/A,Not Found
Nagarpur,1936,Nagarpur,Tangail,Dhaka,01709-999948,N/A,N/A,Web Search
Sakhipur,1950,Sakhipur,Tangail,Dhaka,N/A,N/A,N/A,Not Found
Kochua,1951,Sakhipur,Tangail,Dhaka,01709-999948,N/A,N/A,Web Search
Kagmari,1901,Tangail Sadar,Tangail,Dhaka,N/A,N/A,N/A,Not Found
Santosh,1902,Tangail Sadar,Tangail,Dhaka,N/A,N/A,N/A,Not Found
Purabari,1904,Tangail Sadar,Tangail,Dhaka,01709-999948,N/A,N/A,Web Search
Korotia,1903,Tangail Sadar,Tangail,Dhaka,+880 1972-737771,N/A,N/A,Web Search
Tangail Sadar,1900,Tangail Sadar,Tangail,Dhaka,N/A,N/A,N/A,Not Found
Bagerhat Sadar,9300,Bagerhat Sadar,Bagherhat,Khulna,0468-62502,N/A,N/A,Web Search
P.C College,9301,Bagerhat Sadar,Bagherhat,Khulna,N/A,N/A,N/A,Not Found
Chalna Ankorage,9350,Chalna Ankorage,Bagherhat,Khulna,+880 41-760677,N/A,N/A,Web Search
Rangdia,9302,Bagerhat Sadar,Bagherhat,Khulna,N/A,N/A,N/A,Not Found
Mongla Port,9351,Chalna Ankorage,Bagherhat,Khulna,N/A,N/A,N/A,Not Found
Barabaria,9361,Chitalmari,Bagherhat,Khulna,N/A,N/A,N/A,Not Found
Chitalmari,9360,Chitalmari,Bagherhat,Khulna,N/A,N/A,N/A,Not Found
Fakirhat,9370,Fakirhat,Bagherhat,Khulna,N/A,N/A,N/A,Not Found
Mansa,9371,Fakirhat,Bagherhat,Khulna,N/A,N/A,N/A,Not Found
Kachua,9310,Kachua UPO,Bagherhat,Khulna,01938-894771,N/A,N/A,Web Search
Bhanganpar Bazar,9372,Fakirhat,Bagherhat,Khulna,N/A,N/A,N/A,Not Found
Sonarkola,9311,Kachua UPO,Bagherhat,Khulna,N/A,N/A,N/A,Not Found
Kahalpur,9381,Mollahat,Bagherhat,Khulna,N/A,N/A,N/A,Not Found
Dariala,9382,Mollahat,Bagherhat,Khulna,N/A,N/A,N/A,Not Found
Charkulia,9383,Mollahat,Bagherhat,Khulna,N/A,N/A,N/A,Not Found
Mollahat,9380,Mollahat,Bagherhat,Khulna,N/A,N/A,N/A,Not Found
Morelganj,9320,Morelganj,Bagherhat,Khulna,N/A,N/A,N/A,Not Found
Sannasi Bazar,9321,Morelganj,Bagherhat,Khulna,N/A,N/A,N/A,Not Found
Pak Gangni,9385,Mollahat,Bagherhat,Khulna,N/A,N/A,N/A,Not Found
Nagarkandi,9384,Mollahat,Bagherhat,Khulna,N/A,N/A,N/A,Not Found
Telisatee,9322,Morelganj,Bagherhat,Khulna,N/A,N/A,N/A,Not Found
Foylahat,9341,Rampal,Bagherhat,Khulna,N/A,N/A,N/A,Not Found
Gourambha,9343,Rampal,Bagherhat,Khulna,+8801913034034,N/A,N/A,Web Search
Rampal,9340,Rampal,Bagherhat,Khulna,N/A,N/A,N/A,Not Found
Sonatunia,9342,Rampal,Bagherhat,Khulna,N/A,N/A,N/A,Not Found
Rayenda,9330,Rayenda,Bagherhat,Khulna,N/A,N/A,N/A,Not Found
Hardi,7211,Alamdanga,Chuadanga,Khulna,0761-62235,N/A,N/A,Web Search
Alamdanga,7210,Alamdanga,Chuadanga,Khulna,N/A,N/A,N/A,Not Found
Chuadanga Sadar,7200,Chuadanga Sadar,Chuadanga,Khulna,N/A,N/A,N/A,Not Found
Munshiganj,7201,Chuadanga Sadar,Chuadanga,Khulna,N/A,N/A,N/A,Not Found
Andulbaria,7222,Damurhuda,Chuadanga,Khulna,N/A,N/A,N/A,Not Found
Damurhuda,7220,Damurhuda,Chuadanga,Khulna,N/A,N/A,N/A,Not Found
Darshana,7221,Damurhuda,Chuadanga,Khulna,0761-62235,N/A,N/A,Web Search
Doulatganj,7230,Doulatganj,Chuadanga,Khulna,N/A,N/A,N/A,Not Found
Chougachha,7410,Chaugachha,Jessore,Khulna,N/A,N/A,N/A,Not Found
Bagharpara,7470,Bagharpara,Jessore,Khulna,N/A,N/A,N/A,Not Found
Gouranagar,7471,Bagharpara,Jessore,Khulna,N/A,N/A,N/A,Not Found
Basundia,7406,Jessore Sadar,Jessore,Khulna,N/A,N/A,N/A,Not Found
Jessore Airbach,7404,Jessore Sadar,Jessore,Khulna,N/A,N/A,N/A,Not Found
Chanchra,7402,Jessore Sadar,Jessore,Khulna,N/A,N/A,N/A,Not Found
Jessore canttonment,7403,Jessore Sadar,Jessore,Khulna,N/A,N/A,N/A,Not Found
Churamankathi,7407,Jessore Sadar,Jessore,Khulna,N/A,N/A,N/A,Not Found
Jessore Upa-Shahar,7401,Jessore Sadar,Jessore,Khulna,N/A,N/A,N/A,Not Found
Rupdia,7405,Jessore Sadar,Jessore,Khulna,N/A,N/A,N/A,Not Found
Jessore Sadar,7400,Jessore Sadar,Jessore,Khulna,N/A,N/A,N/A,Not Found
Jhikargachha,7420,Jhikargachha,Jessore,Khulna,N/A,N/A,N/A,Not Found
Bhugilhat,7462,Noapara,Jessore,Khulna,N/A,N/A,N/A,Not Found
Monirampur,7440,Monirampur,Jessore,Khulna,N/A,N/A,N/A,Not Found
Keshobpur,7450,Keshabpur,Jessore,Khulna,N/A,N/A,N/A,Not Found
Noapara,7460,Noapara,Jessore,Khulna,+880 1733-862630,N/A,N/A,Web Search
Bag Achra,7433,Sarsa,Jessore,Khulna,N/A,N/A,N/A,Not Found
Jadabpur,7432,Sarsa,Jessore,Khulna,01971-183351,N/A,N/A,Web Search
Rajghat,7461,Noapara,Jessore,Khulna,N/A,N/A,N/A,Not Found
Benapole,7431,Sarsa,Jessore,Khulna,N/A,N/A,N/A,Not Found
Jinaidaha Cadet College,7301,Jinaidaha Sadar,Jinaidaha,Khulna,01309116551,N/A,N/A,Web Search
Harinakundu,7310,Harinakundu,Jinaidaha,Khulna,N/A,N/A,N/A,Not Found
Sarsa,7430,Sarsa,Jessore,Khulna,N/A,N/A,N/A,Not Found
Jinaidaha Sadar,7300,Jinaidaha Sadar,Jinaidaha,Khulna,N/A,N/A,N/A,Not Found
Kotchandpur,7330,Kotchandpur,Jinaidaha,Khulna,880-1718545224,N/A,N/A,Web Search
Maheshpur,7340,Maheshpur,Jinaidaha,Khulna,N/A,N/A,N/A,Not Found
Naldanga,7350,Naldanga,Jinaidaha,Khulna,N/A,N/A,N/A,Not Found
Hatbar Bazar,7351,Naldanga,Jinaidaha,Khulna,N/A,N/A,N/A,Not Found
Alaipur,9240,Alaipur,Khulna,Khulna,N/A,N/A,N/A,Not Found
Shailakupa,7320,Shailakupa,Jinaidaha,Khulna,N/A,N/A,N/A,Not Found
Kumiradaha,7321,Shailakupa,Jinaidaha,Khulna,N/A,N/A,N/A,Not Found
Batiaghat,9260,Batiaghat,Khulna,Khulna,N/A,N/A,N/A,Not Found
Belphulia,9242,Alaipur,Khulna,Khulna,N/A,N/A,N/A,Not Found
Surkalee,9261,Batiaghat,Khulna,Khulna,N/A,N/A,N/A,Not Found
Rupsha,9241,Alaipur,Khulna,Khulna,N/A,N/A,N/A,Not Found
Bajua,9272,Chalna Bazar,Khulna,Khulna,N/A,N/A,N/A,Not Found
Chalna Bazar,9270,Chalna Bazar,Khulna,Khulna,N/A,N/A,N/A,Not Found
Dakup,9271,Chalna Bazar,Khulna,Khulna,N/A,N/A,N/A,Not Found
Nalian,9273,Chalna Bazar,Khulna,Khulna,N/A,N/A,N/A,Not Found
Gazirhat,9224,Digalia,Khulna,Khulna,N/A,N/A,N/A,Not Found
Chandni Mahal,9221,Digalia,Khulna,Khulna,N/A,N/A,N/A,Not Found
Ghoshghati,9223,Digalia,Khulna,Khulna,N/A,N/A,N/A,Not Found
Digalia,9220,Digalia,Khulna,Khulna,N/A,N/A,N/A,Not Found
Atra Shilpa Area,9207,Khulna Sadar,Khulna,Khulna,N/A,N/A,N/A,Not Found
BIT Khulna,9203,Khulna Sadar,Khulna,Khulna,N/A,N/A,N/A,Not Found
Senhati,9222,Digalia,Khulna,Khulna,N/A,N/A,N/A,Not Found
Doulatpur,9202,Khulna Sadar,Khulna,Khulna,N/A,N/A,N/A,Not Found
Jahanabad Canttonmen,9205,Khulna Sadar,Khulna,Khulna,N/A,N/A,N/A,Not Found
Khulna Shipyard,9201,Khulna Sadar,Khulna,Khulna,N/A,N/A,N/A,Not Found
Khula Sadar,9100,Khulna Sadar,Khulna,Khulna,N/A,N/A,N/A,Not Found
Khulna G.P.O,9000,Khulna Sadar,Khulna,Khulna,N/A,N/A,N/A,Not Found
Khulna University,9208,Khulna Sadar,Khulna,Khulna,N/A,N/A,N/A,Not Found
Amadee,9291,Madinabad,Khulna,Khulna,N/A,N/A,N/A,Not Found
Siramani,9204,Khulna Sadar,Khulna,Khulna,N/A,N/A,N/A,Not Found
Madinabad,9290,Madinabad,Khulna,Khulna,N/A,N/A,N/A,Not Found
Sonali Jute Mills,9206,Khulna Sadar,Khulna,Khulna,N/A,N/A,N/A,Not Found
Godaipur,9281,Paikgachha,Khulna,Khulna,N/A,N/A,N/A,Not Found
Chandkhali,9284,Paikgachha,Khulna,Khulna,N/A,N/A,N/A,Not Found
Garaikhali,9285,Paikgachha,Khulna,Khulna,N/A,N/A,N/A,Not Found
Kapilmoni,9282,Paikgachha,Khulna,Khulna,N/A,N/A,N/A,Not Found
Katipara,9283,Paikgachha,Khulna,Khulna,N/A,N/A,N/A,Not Found
Paikgachha,9280,Paikgachha,Khulna,Khulna,N/A,N/A,N/A,Not Found
Phultala,9210,Phultala,Khulna,Khulna,N/A,N/A,N/A,Not Found
Chuknagar,9252,Sajiara,Khulna,Khulna,N/A,N/A,N/A,Not Found
Sajiara,9250,Sajiara,Khulna,Khulna,N/A,N/A,N/A,Not Found
Ghonabanda,9251,Sajiara,Khulna,Khulna,N/A,N/A,N/A,Not Found
Shahapur,9253,Sajiara,Khulna,Khulna,N/A,N/A,N/A,Not Found
Pak Barasat,9231,Terakhada,Khulna,Khulna,N/A,N/A,N/A,Not Found
Allardarga,7042,Bheramara,Kustia,Khulna,N/A,N/A,N/A,Not Found
Terakhada,9230,Terakhada,Khulna,Khulna,N/A,N/A,N/A,Not Found
Bheramara,7040,Bheramara,Kustia,Khulna,N/A,N/A,N/A,Not Found
Ganges Bheramara,7041,Bheramara,Kustia,Khulna,N/A,N/A,N/A,Not Found
Janipur,7020,Janipur,Kustia,Khulna,N/A,N/A,N/A,Not Found
Khoksa,7021,Janipur,Kustia,Khulna,N/A,N/A,N/A,Not Found
Panti,7011,Kumarkhali,Kustia,Khulna,N/A,N/A,N/A,Not Found
Kumarkhali,7010,Kumarkhali,Kustia,Khulna,N/A,N/A,N/A,Not Found
Islami University,7003,Kustia Sadar,Kustia,Khulna,N/A,N/A,N/A,Not Found
Jagati,7002,Kustia Sadar,Kustia,Khulna,N/A,N/A,N/A,Not Found
Kustia Sadar,7000,Kustia Sadar,Kustia,Khulna,N/A,N/A,N/A,Not Found
Kushtia Mohini,7001,Kustia Sadar,Kustia,Khulna,N/A,N/A,N/A,Not Found
Amla Sadarpur,7032,Mirpur,Kustia,Khulna,N/A,N/A,N/A,Not Found
Mirpur,7030,Mirpur,Kustia,Khulna,N/A,N/A,N/A,Not Found
Poradaha,7031,Mirpur,Kustia,Khulna,N/A,N/A,N/A,Not Found
Khasmathurapur,7052,Rafayetpur,Kustia,Khulna,N/A,N/A,N/A,Not Found
Rafayetpur,7050,Rafayetpur,Kustia,Khulna,N/A,N/A,N/A,Not Found
Taragunia,7051,Rafayetpur,Kustia,Khulna,N/A,N/A,N/A,Not Found
Magura Sadar,7600,Magura Sadar,Magura,Khulna,N/A,N/A,N/A,Not Found
Arpara,7620,Arpara,Magura,Khulna,N/A,N/A,N/A,Not Found
Binodpur,7631,Mohammadpur,Magura,Khulna,N/A,N/A,N/A,Not Found
Mohammadpur,7630,Mohammadpur,Magura,Khulna,N/A,N/A,N/A,Not Found
Nahata,7632,Mohammadpur,Magura,Khulna,N/A,N/A,N/A,Not Found
Langalbadh,7611,Shripur,Magura,Khulna,N/A,N/A,N/A,Not Found
Nachol,7612,Shripur,Magura,Khulna,N/A,N/A,N/A,Not Found
Shripur,7610,Shripur,Magura,Khulna,N/A,N/A,N/A,Not Found
Amjhupi,7101,Meherpur Sadar,Meherpur,Khulna,N/A,N/A,N/A,Not Found
Gangni,7110,Gangni,Meherpur,Khulna,N/A,N/A,N/A,Not Found
Amjhupi,7152,Meherpur Sadar,Meherpur,Khulna,N/A,N/A,N/A,Not Found
Meherpur Sadar,7100,Meherpur Sadar,Meherpur,Khulna,N/A,N/A,N/A,Not Found
Mujib Nagar Complex,7102,Meherpur Sadar,Meherpur,Khulna,N/A,N/A,N/A,Not Found
Kalia,7520,Kalia,Narail,Khulna,N/A,N/A,N/A,Not Found
Baradia,7514,Laxmipasha,Narail,Khulna,N/A,N/A,N/A,Not Found
Itna,7512,Laxmipasha,Narail,Khulna,N/A,N/A,N/A,Not Found
Laxmipasha,7510,Laxmipasha,Narail,Khulna,N/A,N/A,N/A,Not Found
Mohajan,7521,Mohajan,Narail,Khulna,N/A,N/A,N/A,Not Found
Lohagora,7511,Laxmipasha,Narail,Khulna,N/A,N/A,N/A,Not Found
Naldi,7513,Laxmipasha,Narail,Khulna,N/A,N/A,N/A,Not Found
Narail Sadar,7500,Narail Sadar,Narail,Khulna,N/A,N/A,N/A,Not Found
Ratanganj,7501,Narail Sadar,Narail,Khulna,N/A,N/A,N/A,Not Found
Ashashuni,9460,Ashashuni,Satkhira,Khulna,N/A,N/A,N/A,Not Found
Baradal,9461,Ashashuni,Satkhira,Khulna,N/A,N/A,N/A,Not Found
Debbhata,9430,Debbhata,Satkhira,Khulna,N/A,N/A,N/A,Not Found
Gurugram,9431,Debbhata,Satkhira,Khulna,N/A,N/A,N/A,Not Found
Chandanpur,9415,kalaroa,Satkhira,Khulna,N/A,N/A,N/A,Not Found
Hamidpur,9413,kalaroa,Satkhira,Khulna,N/A,N/A,N/A,Not Found
Jhaudanga,9412,kalaroa,Satkhira,Khulna,N/A,N/A,N/A,Not Found
kalaroa,9410,kalaroa,Satkhira,Khulna,N/A,N/A,N/A,Not Found
Khordo,9414,kalaroa,Satkhira,Khulna,N/A,N/A,N/A,Not Found
Murarikati,9411,kalaroa,Satkhira,Khulna,N/A,N/A,N/A,Not Found
Kaliganj UPO,9440,Kaliganj UPO,Satkhira,Khulna,N/A,N/A,N/A,Not Found
Nalta Mubaroknagar,9441,Kaliganj UPO,Satkhira,Khulna,N/A,N/A,N/A,Not Found
Ratanpur,9442,Kaliganj UPO,Satkhira,Khulna,N/A,N/A,N/A,Not Found
Buri Goalini,9453,Nakipur,Satkhira,Khulna,N/A,N/A,N/A,Not Found
Gabura,9454,Nakipur,Satkhira,Khulna,N/A,N/A,N/A,Not Found
Habinagar,9455,Nakipur,Satkhira,Khulna,N/A,N/A,N/A,Not Found
Nakipur,9450,Nakipur,Satkhira,Khulna,N/A,N/A,N/A,Not Found
Naobeki,9452,Nakipur,Satkhira,Khulna,N/A,N/A,N/A,Not Found
Noornagar,9451,Nakipur,Satkhira,Khulna,N/A,N/A,N/A,Not Found
Budhhat,9403,Satkhira Sadar,Satkhira,Khulna,N/A,N/A,N/A,Not Found
Gunakar kati,9402,Satkhira Sadar,Satkhira,Khulna,N/A,N/A,N/A,Not Found
Satkhira Islamia Acc,9401,Satkhira Sadar,Satkhira,Khulna,N/A,N/A,N/A,Not Found
Satkhira Sadar,9400,Satkhira Sadar,Satkhira,Khulna,N/A,N/A,N/A,Not Found
Taala,9420,Taala,Satkhira,Khulna,N/A,N/A,N/A,Not Found
Patkelghata,9421,Taala,Satkhira,Khulna,N/A,N/A,N/A,Not Found
Adamdighi,5890,Alamdighi,Bogra,Rajshahi,N/A,N/A,N/A,Not Found
Bogra Canttonment,5801,Bogra Sadar,Bogra,Rajshahi,N/A,N/A,N/A,Not Found
Nasharatpur,5892,Alamdighi,Bogra,Rajshahi,N/A,N/A,N/A,Not Found
Santahar,5891,Alamdighi,Bogra,Rajshahi,N/A,N/A,N/A,Not Found
Bogra Sadar,5800,Bogra Sadar,Bogra,Rajshahi,N/A,N/A,N/A,Not Found
Dhunat,5850,Dhunat,Bogra,Rajshahi,N/A,N/A,N/A,Not Found
Dupchachia,5880,Dupchachia,Bogra,Rajshahi,N/A,N/A,N/A,Not Found
Gosaibari,5851,Dhunat,Bogra,Rajshahi,N/A,N/A,N/A,Not Found
Talora,5881,Dupchachia,Bogra,Rajshahi,N/A,N/A,N/A,Not Found
Gabtoli,5820,Gabtoli,Bogra,Rajshahi,N/A,N/A,N/A,Not Found
Sukhanpukur,5821,Gabtoli,Bogra,Rajshahi,N/A,N/A,N/A,Not Found
Kahalu,5870,Kahalu,Bogra,Rajshahi,N/A,N/A,N/A,Not Found
Nandigram,5860,Nandigram,Bogra,Rajshahi,N/A,N/A,N/A,Not Found
Chandan Baisha,5831,Sariakandi,Bogra,Rajshahi,N/A,N/A,N/A,Not Found
Chandaikona,5841,Sherpur,Bogra,Rajshahi,N/A,N/A,N/A,Not Found
Sariakandi,5830,Sariakandi,Bogra,Rajshahi,N/A,N/A,N/A,Not Found
Palli Unnyan Accadem,5842,Sherpur,Bogra,Rajshahi,N/A,N/A,N/A,Not Found
Shibganj,5810,Shibganj,Bogra,Rajshahi,N/A,N/A,N/A,Not Found
Sherpur,5840,Sherpur,Bogra,Rajshahi,N/A,N/A,N/A,Not Found
Sonatola,5826,Sonatola,Bogra,Rajshahi,N/A,N/A,N/A,Not Found
Bholahat,6330,Bholahat,Chapinawabganj,Rajshahi,N/A,N/A,N/A,Not Found
Chapinawbganj Sadar,6300,Chapinawabganj Sadar,Chapinawabganj,Rajshahi,N/A,N/A,N/A,Not Found
Amnura,6303,Chapinawabganj Sadar,Chapinawabganj,Rajshahi,N/A,N/A,N/A,Not Found
Rajarampur,6301,Chapinawabganj Sadar,Chapinawabganj,Rajshahi,N/A,N/A,N/A,Not Found
Ramchandrapur,6302,Chapinawabganj Sadar,Chapinawabganj,Rajshahi,N/A,N/A,N/A,Not Found
Mandumala,6311,Nachol,Chapinawabganj,Rajshahi,N/A,N/A,N/A,Not Found
Nachol,6310,Nachol,Chapinawabganj,Rajshahi,N/A,N/A,N/A,Not Found
Gomashtapur,6321,Rohanpur,Chapinawabganj,Rajshahi,N/A,N/A,N/A,Not Found
Rohanpur,6320,Rohanpur,Chapinawabganj,Rajshahi,N/A,N/A,N/A,Not Found
Kansart,6341,Shibganj U.P.O,Chapinawabganj,Rajshahi,N/A,N/A,N/A,Not Found
Manaksha,6342,Shibganj U.P.O,Chapinawabganj,Rajshahi,N/A,N/A,N/A,Not Found
Shibganj U.P.O,6340,Shibganj U.P.O,Chapinawabganj,Rajshahi,N/A,N/A,N/A,Not Found
Akklepur,5940,Akkelpur,Joypurhat,Rajshahi,N/A,N/A,N/A,Not Found
jamalganj,5941,Akkelpur,Joypurhat,Rajshahi,N/A,N/A,N/A,Not Found
Tilakpur,5942,Akkelpur,Joypurhat,Rajshahi,N/A,N/A,N/A,Not Found
Joypurhat Sadar,5900,Joypurhat Sadar,Joypurhat,Rajshahi,N/A,N/A,N/A,Not Found
kalai,5930,kalai,Joypurhat,Rajshahi,N/A,N/A,N/A,Not Found
Khetlal,5920,Khetlal,Joypurhat,Rajshahi,N/A,N/A,N/A,Not Found
Panchbibi,5910,panchbibi,Joypurhat,Rajshahi,N/A,N/A,N/A,Not Found
Ahsanganj,6596,Ahsanganj,Naogaon,Rajshahi,N/A,N/A,N/A,Not Found
Bandai,6597,Ahsanganj,Naogaon,Rajshahi,N/A,N/A,N/A,Not Found
Badalgachhi,6570,Badalgachhi,Naogaon,Rajshahi,N/A,N/A,N/A,Not Found
Dhamuirhat,6580,Dhamuirhat,Naogaon,Rajshahi,N/A,N/A,N/A,Not Found
Naogaon Sadar,6500,Naogaon Sadar,Naogaon,Rajshahi,N/A,N/A,N/A,Not Found
Mahadebpur,6530,Mahadebpur,Naogaon,Rajshahi,N/A,N/A,N/A,Not Found
Niamatpur,6520,Niamatpur,Naogaon,Rajshahi,N/A,N/A,N/A,Not Found
Nitpur,6550,Nitpur,Naogaon,Rajshahi,N/A,N/A,N/A,Not Found
Porsa,6551,Nitpur,Naogaon,Rajshahi,N/A,N/A,N/A,Not Found
Panguria,6552,Nitpur,Naogaon,Rajshahi,N/A,N/A,N/A,Not Found
Patnitala,6540,Patnitala,Naogaon,Rajshahi,N/A,N/A,N/A,Not Found
Balihar,6512,Prasadpur,Naogaon,Rajshahi,N/A,N/A,N/A,Not Found
Manda,6511,Prasadpur,Naogaon,Rajshahi,N/A,N/A,N/A,Not Found
Prasadpur,6510,Prasadpur,Naogaon,Rajshahi,N/A,N/A,N/A,Not Found
Raninagar,6590,Raninagar,Naogaon,Rajshahi,N/A,N/A,N/A,Not Found
Kashimpur,6591,Raninagar,Naogaon,Rajshahi,N/A,N/A,N/A,Not Found
Moduhil,6561,Sapahar,Naogaon,Rajshahi,N/A,N/A,N/A,Not Found
Sapahar,6560,Sapahar,Naogaon,Rajshahi,N/A,N/A,N/A,Not Found
Abdulpur,6422,Gopalpur UPO,Natore,Rajshahi,N/A,N/A,N/A,Not Found
Gopalpur U.P.O,6420,Gopalpur UPO,Natore,Rajshahi,N/A,N/A,N/A,Not Found
Dayarampur,6431,Harua,Natore,Rajshahi,N/A,N/A,N/A,Not Found
Lalpur S.O,6421,Gopalpur UPO,Natore,Rajshahi,N/A,N/A,N/A,Not Found
Baraigram,6432,Harua,Natore,Rajshahi,N/A,N/A,N/A,Not Found
Harua,6430,Harua,Natore,Rajshahi,N/A,N/A,N/A,Not Found
Laxman,6410,Laxman,Natore,Rajshahi,N/A,N/A,N/A,Not Found
Hatgurudaspur,6440,Hatgurudaspur,Natore,Rajshahi,N/A,N/A,N/A,Not Found
Baiddyabal Gharia,6402,Natore Sadar,Natore,Rajshahi,N/A,N/A,N/A,Not Found
Digapatia,6401,Natore Sadar,Natore,Rajshahi,N/A,N/A,N/A,Not Found
Madhnagar,6403,Natore Sadar,Natore,Rajshahi,N/A,N/A,N/A,Not Found
Natore Sadar,6400,Natore Sadar,Natore,Rajshahi,N/A,N/A,N/A,Not Found
Singra,6450,Singra,Natore,Rajshahi,N/A,N/A,N/A,Not Found
Banwarinagar,6650,Banwarinagar,Pabna,Rajshahi,N/A,N/A,N/A,Not Found
Bera,6680,Bera,Pabna,Rajshahi,N/A,N/A,N/A,Not Found
Kashinathpur,6682,Bera,Pabna,Rajshahi,N/A,N/A,N/A,Not Found
Nakalia,6681,Bera,Pabna,Rajshahi,N/A,N/A,N/A,Not Found
Puran Bharenga,6683,Bera,Pabna,Rajshahi,N/A,N/A,N/A,Not Found
Bhangura,6640,Bhangura,Pabna,Rajshahi,N/A,N/A,N/A,Not Found
Debottar,6610,Debottar,Pabna,Rajshahi,N/A,N/A,N/A,Not Found
Chatmohar,6630,Chatmohar,Pabna,Rajshahi,N/A,N/A,N/A,Not Found
Dhapari,6621,Ishwardi,Pabna,Rajshahi,N/A,N/A,N/A,Not Found
Ishwardi,6620,Ishwardi,Pabna,Rajshahi,N/A,N/A,N/A,Not Found
Rajapur,6623,Ishwardi,Pabna,Rajshahi,N/A,N/A,N/A,Not Found
Pakshi,6622,Ishwardi,Pabna,Rajshahi,N/A,N/A,N/A,Not Found
Hamayetpur,6602,Pabna Sadar,Pabna,Rajshahi,N/A,N/A,N/A,Not Found
Kaliko Cotton Mills,6601,Pabna Sadar,Pabna,Rajshahi,N/A,N/A,N/A,Not Found
Pabna Sadar,6600,Pabna Sadar,Pabna,Rajshahi,N/A,N/A,N/A,Not Found
Sathia,6670,Sathia,Pabna,Rajshahi,N/A,N/A,N/A,Not Found
Sagarkandi,6661,Sujanagar,Pabna,Rajshahi,N/A,N/A,N/A,Not Found
Arani,6281,Bagha,Rajshahi,Rajshahi,N/A,N/A,N/A,Not Found
Sujanagar,6660,Sujanagar,Pabna,Rajshahi,N/A,N/A,N/A,Not Found
Bagha,6280,Bagha,Rajshahi,Rajshahi,N/A,N/A,N/A,Not Found
Bhabaniganj,6250,Bhabaniganj,Rajshahi,Rajshahi,N/A,N/A,N/A,Not Found
Taharpur,6251,Bhabaniganj,Rajshahi,Rajshahi,N/A,N/A,N/A,Not Found
Charghat,6270,Charghat,Rajshahi,Rajshahi,N/A,N/A,N/A,Not Found
Sarda,6271,Charghat,Rajshahi,Rajshahi,N/A,N/A,N/A,Not Found
Durgapur,6240,Durgapur,Rajshahi,Rajshahi,N/A,N/A,N/A,Not Found
Godagari,6290,Godagari,Rajshahi,Rajshahi,N/A,N/A,N/A,Not Found
Premtoli,6291,Godagari,Rajshahi,Rajshahi,N/A,N/A,N/A,Not Found
Khodmohanpur,6220,Khod Mohanpur,Rajshahi,Rajshahi,N/A,N/A,N/A,Not Found
Lalitganj,6210,Lalitganj,Rajshahi,Rajshahi,N/A,N/A,N/A,Not Found
Rajshahi Sugar Mills,6211,Lalitganj,Rajshahi,Rajshahi,N/A,N/A,N/A,Not Found
Shyampur,6212,Lalitganj,Rajshahi,Rajshahi,N/A,N/A,N/A,Not Found
Putia,6260,Putia,Rajshahi,Rajshahi,N/A,N/A,N/A,Not Found
Binodpur Bazar,6206,Rajshahi Sadar,Rajshahi,Rajshahi,N/A,N/A,N/A,Not Found
Ghuramara,6100,Rajshahi Sadar,Rajshahi,Rajshahi,N/A,N/A,N/A,Not Found
Rajshahi Canttonment,6202,Rajshahi Sadar,Rajshahi,Rajshahi,N/A,N/A,N/A,Not Found
Kazla,6204,Rajshahi Sadar,Rajshahi,Rajshahi,N/A,N/A,N/A,Not Found
Rajshahi Sadar,6000,Rajshahi Sadar,Rajshahi,Rajshahi,N/A,N/A,N/A,Not Found
Rajshahi Court,6201,Rajshahi Sadar,Rajshahi,Rajshahi,N/A,N/A,N/A,Not Found
Rajshahi University,6205,Rajshahi Sadar,Rajshahi,Rajshahi,N/A,N/A,N/A,Not Found
Sapura,6203,Rajshahi Sadar,Rajshahi,Rajshahi,N/A,N/A,N/A,Not Found
Tanor,6230,Tanor,Rajshahi,Rajshahi,N/A,N/A,N/A,Not Found
Baiddya Jam Toil,6730,Baiddya Jam Toil,Sirajganj,Rajshahi,N/A,N/A,N/A,Not Found
Belkuchi,6740,Belkuchi,Sirajganj,Rajshahi,N/A,N/A,N/A,Not Found
Enayetpur,6751,Belkuchi,Sirajganj,Rajshahi,N/A,N/A,N/A,Not Found
Rajapur,6742,Belkuchi,Sirajganj,Rajshahi,N/A,N/A,N/A,Not Found
Sohagpur,6741,Belkuchi,Sirajganj,Rajshahi,N/A,N/A,N/A,Not Found
Dhangora,6720,Dhangora,Sirajganj,Rajshahi,N/A,N/A,N/A,Not Found
Sthal,6752,Belkuchi,Sirajganj,Rajshahi,N/A,N/A,N/A,Not Found
Malonga,6721,Dhangora,Sirajganj,Rajshahi,N/A,N/A,N/A,Not Found
Kazipur,6710,Kazipur,Sirajganj,Rajshahi,N/A,N/A,N/A,Not Found
Gandail,6712,Kazipur,Sirajganj,Rajshahi,N/A,N/A,N/A,Not Found
Shuvgachha,6711,Kazipur,Sirajganj,Rajshahi,N/A,N/A,N/A,Not Found
Jamirta,6772,Shahjadpur,Sirajganj,Rajshahi,N/A,N/A,N/A,Not Found
Porjana,6771,Shahjadpur,Sirajganj,Rajshahi,N/A,N/A,N/A,Not Found
Kaijuri,6773,Shahjadpur,Sirajganj,Rajshahi,N/A,N/A,N/A,Not Found
Shahjadpur,6770,Shahjadpur,Sirajganj,Rajshahi,N/A,N/A,N/A,Not Found
Raipur,6701,Sirajganj Sadar,Sirajganj,Rajshahi,N/A,N/A,N/A,Not Found
Sirajganj Sadar,6700,Sirajganj Sadar,Sirajganj,Rajshahi,N/A,N/A,N/A,Not Found
Rashidabad,6702,Sirajganj Sadar,Sirajganj,Rajshahi,N/A,N/A,N/A,Not Found
Tarash,6780,Tarash,Sirajganj,Rajshahi,N/A,N/A,N/A,Not Found
Lahiri Mohanpur,6762,Ullapara,Sirajganj,Rajshahi,N/A,N/A,N/A,Not Found
Salap,6763,Ullapara,Sirajganj,Rajshahi,N/A,N/A,N/A,Not Found
Ullapara,6760,Ullapara,Sirajganj,Rajshahi,N/A,N/A,N/A,Not Found
Ullapara R.S,6761,Ullapara,Sirajganj,Rajshahi,N/A,N/A,N/A,Not Found
Biral,5210,Biral,Dinajpur,Rangpur,N/A,N/A,N/A,Not Found
Bangla Hili,5270,Bangla Hili,Dinajpur,Rangpur,N/A,N/A,N/A,Not Found
Birampur,5266,Birampur,Dinajpur,Rangpur,N/A,N/A,N/A,Not Found
Birganj,5220,Birganj,Dinajpur,Rangpur,N/A,N/A,N/A,Not Found
Chrirbandar,5240,Chrirbandar,Dinajpur,Rangpur,N/A,N/A,N/A,Not Found
Ranirbandar,5241,Chrirbandar,Dinajpur,Rangpur,N/A,N/A,N/A,Not Found
Dinajpur Rajbari,5201,Dinajpur Sadar,Dinajpur,Rangpur,N/A,N/A,N/A,Not Found
Dinajpur Sadar,5200,Dinajpur Sadar,Dinajpur,Rangpur,N/A,N/A,N/A,Not Found
Khansama,5230,Khansama,Dinajpur,Rangpur,N/A,N/A,N/A,Not Found
Pakarhat,5231,Khansama,Dinajpur,Rangpur,N/A,N/A,N/A,Not Found
Maharajganj,5226,Maharajganj,Dinajpur,Rangpur,N/A,N/A,N/A,Not Found
Daudpur,5281,Nababganj,Dinajpur,Rangpur,N/A,N/A,N/A,Not Found
Nababganj,5280,Nababganj,Dinajpur,Rangpur,N/A,N/A,N/A,Not Found
Gopalpur,5282,Nababganj,Dinajpur,Rangpur,N/A,N/A,N/A,Not Found
Ghoraghat,5291,Osmanpur,Dinajpur,Rangpur,N/A,N/A,N/A,Not Found
Osmanpur,5290,Osmanpur,Dinajpur,Rangpur,N/A,N/A,N/A,Not Found
Parbatipur,5250,Parbatipur,Dinajpur,Rangpur,N/A,N/A,N/A,Not Found
Phulbari,5260,Phulbari,Dinajpur,Rangpur,N/A,N/A,N/A,Not Found
Bonarpara,5750,Bonarpara,Gaibandha,Rangpur,N/A,N/A,N/A,Not Found
Setabganj,5216,Setabganj,Dinajpur,Rangpur,N/A,N/A,N/A,Not Found
saghata,5751,Bonarpara,Gaibandha,Rangpur,N/A,N/A,N/A,Not Found
Gaibandha Sadar,5700,Gaibandha Sadar,Gaibandha,Rangpur,N/A,N/A,N/A,Not Found
Mahimaganj,5741,Gobindaganj,Gaibandha,Rangpur,N/A,N/A,N/A,Not Found
Gobindhaganj,5740,Gobindaganj,Gaibandha,Rangpur,N/A,N/A,N/A,Not Found
Palashbari,5730,Palashbari,Gaibandha,Rangpur,N/A,N/A,N/A,Not Found
Bharatkhali,5761,Phulchhari,Gaibandha,Rangpur,N/A,N/A,N/A,Not Found
Phulchhari,5760,Phulchhari,Gaibandha,Rangpur,N/A,N/A,N/A,Not Found
Naldanga,5711,Saadullapur,Gaibandha,Rangpur,N/A,N/A,N/A,Not Found
Saadullapur,5710,Saadullapur,Gaibandha,Rangpur,N/A,N/A,N/A,Not Found
Sundarganj,5720,Sundarganj,Gaibandha,Rangpur,N/A,N/A,N/A,Not Found
Bamandanga,5721,Sundarganj,Gaibandha,Rangpur,N/A,N/A,N/A,Not Found
Bhurungamari,5670,Bhurungamari,Kurigram,Rangpur,N/A,N/A,N/A,Not Found
Jorgachh,5631,Chilmari,Kurigram,Rangpur,N/A,N/A,N/A,Not Found
Kurigram Sadar,5600,Kurigram Sadar,Kurigram,Rangpur,N/A,N/A,N/A,Not Found
Chilmari,5630,Chilmari,Kurigram,Rangpur,N/A,N/A,N/A,Not Found
Pandul,5601,Kurigram Sadar,Kurigram,Rangpur,N/A,N/A,N/A,Not Found
Phulbari,5680,Kurigram Sadar,Kurigram,Rangpur,N/A,N/A,N/A,Not Found
Nageshwar,5660,Nageshwar,Kurigram,Rangpur,N/A,N/A,N/A,Not Found
Nazimkhan,5611,Rajarhat,Kurigram,Rangpur,N/A,N/A,N/A,Not Found
Rajarhat,5610,Rajarhat,Kurigram,Rangpur,N/A,N/A,N/A,Not Found
Roumari,5640,Roumari,Kurigram,Rangpur,N/A,N/A,N/A,Not Found
Rajibpur,5650,Rajibpur,Kurigram,Rangpur,N/A,N/A,N/A,Not Found
Bazarhat,5621,Ulipur,Kurigram,Rangpur,N/A,N/A,N/A,Not Found
Aditmari,5510,Aditmari,Lalmonirhat,Rangpur,N/A,N/A,N/A,Not Found
Ulipur,5620,Ulipur,Kurigram,Rangpur,N/A,N/A,N/A,Not Found
Hatibandha,5530,Hatibandha,Lalmonirhat,Rangpur,N/A,N/A,N/A,Not Found
Kulaghat SO,5502,Lalmonirhat Sadar,Lalmonirhat,Rangpur,N/A,N/A,N/A,Not Found
Moghalhat,5501,Lalmonirhat Sadar,Lalmonirhat,Rangpur,N/A,N/A,N/A,Not Found
Lalmonirhat Sadar,5500,Lalmonirhat Sadar,Lalmonirhat,Rangpur,N/A,N/A,N/A,Not Found
Baura,5541,Patgram,Lalmonirhat,Rangpur,N/A,N/A,N/A,Not Found
Burimari,5542,Patgram,Lalmonirhat,Rangpur,N/A,N/A,N/A,Not Found
Tushbhandar,5520,Tushbhandar,Lalmonirhat,Rangpur,N/A,N/A,N/A,Not Found
Patgram,5540,Patgram,Lalmonirhat,Rangpur,N/A,N/A,N/A,Not Found
Ghaga Kharibari,5351,Dimla,Nilphamari,Rangpur,N/A,N/A,N/A,Not Found
Dimla,5350,Dimla,Nilphamari,Rangpur,N/A,N/A,N/A,Not Found
Chilahati,5341,Domar,Nilphamari,Rangpur,N/A,N/A,N/A,Not Found
Domar,5340,Domar,Nilphamari,Rangpur,N/A,N/A,N/A,Not Found
Jaldhaka,5330,Jaldhaka,Nilphamari,Rangpur,N/A,N/A,N/A,Not Found
Kishoriganj,5320,Kishoriganj,Nilphamari,Rangpur,N/A,N/A,N/A,Not Found
Nilphamari Sadar,5300,Nilphamari Sadar,Nilphamari,Rangpur,N/A,N/A,N/A,Not Found
Nilphamari Sugar Mil,5301,Nilphamari Sadar,Nilphamari,Rangpur,N/A,N/A,N/A,Not Found
Syedpur,5310,Syedpur,Nilphamari,Rangpur,N/A,N/A,N/A,Not Found
Syedpur Upashahar,5311,Syedpur,Nilphamari,Rangpur,N/A,N/A,N/A,Not Found
Boda,5010,Boda,Panchagarh,Rangpur,N/A,N/A,N/A,Not Found
Chotto Dab,5040,Chotto Dab,Panchagarh,Rangpur,N/A,N/A,N/A,Not Found
Mirjapur,5041,Chotto Dab,Panchagarh,Rangpur,N/A,N/A,N/A,Not Found
Panchagar Sadar,5000,Panchagra Sadar,Panchagarh,Rangpur,N/A,N/A,N/A,Not Found
Dabiganj,5020,Dabiganj,Panchagarh,Rangpur,N/A,N/A,N/A,Not Found
Tetulia,5030,Tetulia,Panchagarh,Rangpur,N/A,N/A,N/A,Not Found
Badarganj,5430,Badarganj,Rangpur,Rangpur,N/A,N/A,N/A,Not Found
Gangachara,5410,Gangachara,Rangpur,Rangpur,N/A,N/A,N/A,Not Found
Shyampur,5431,Badarganj,Rangpur,Rangpur,N/A,N/A,N/A,Not Found
Haragachh,5441,Kaunia,Rangpur,Rangpur,N/A,N/A,N/A,Not Found
Kaunia,5440,Kaunia,Rangpur,Rangpur,N/A,N/A,N/A,Not Found
Mithapukur,5460,Mithapukur,Rangpur,Rangpur,N/A,N/A,N/A,Not Found
Pirgachha,5450,Pirgachha,Rangpur,Rangpur,N/A,N/A,N/A,Not Found
Alamnagar,5402,Rangpur Sadar,Rangpur,Rangpur,N/A,N/A,N/A,Not Found
Mahiganj,5403,Rangpur Sadar,Rangpur,Rangpur,N/A,N/A,N/A,Not Found
Rangpur Cadet Colleg,5404,Rangpur Sadar,Rangpur,Rangpur,N/A,N/A,N/A,Not Found
Rangpur Carmiecal Col,5405,Rangpur Sadar,Rangpur,Rangpur,N/A,N/A,N/A,Not Found
Rangpur Sadar,5400,Rangpur Sadar,Rangpur,Rangpur,N/A,N/A,N/A,Not Found
Rangpur Upa-Shahar,5401,Rangpur Sadar,Rangpur,Rangpur,N/A,N/A,N/A,Not Found
Taraganj,5420,Taraganj,Rangpur,Rangpur,N/A,N/A,N/A,Not Found
Baliadangi,5140,Baliadangi,Thakurgaon,Rangpur,N/A,N/A,N/A,Not Found
Lahiri,5141,Baliadangi,Thakurgaon,Rangpur,N/A,N/A,N/A,Not Found
Jibanpur,5130,Jibanpur,Thakurgaon,Rangpur,N/A,N/A,N/A,Not Found
Pirganj,5110,Pirganj,Thakurgaon,Rangpur,N/A,N/A,N/A,Not Found
Pirganj,5470,Pirganj,Thakurgaon,Rangpur,N/A,N/A,N/A,Not Found
Rani Sankail,5120,Rani Sankail,Thakurgaon,Rangpur,N/A,N/A,N/A,Not Found
Ruhia,5103,Thakurgaon Sadar,Thakurgaon,Rangpur,N/A,N/A,N/A,Not Found
Nekmarad,5121,Rani Sankail,Thakurgaon,Rangpur,N/A,N/A,N/A,Not Found
Shibganj,5102,Thakurgaon Sadar,Thakurgaon,Rangpur,N/A,N/A,N/A,Not Found
Thakurgaon Road,5101,Thakurgaon Sadar,Thakurgaon,Rangpur,N/A,N/A,N/A,Not Found
Azmireeganj,3360,Azmireeganj,Hobiganj,Sylhet,N/A,N/A,N/A,Not Found
Thakurgaon Sadar,5100,Thakurgaon Sadar,Thakurgaon,Rangpur,N/A,N/A,N/A,Not Found
Bahubal,3310,Bahubal,Hobiganj,Sylhet,N/A,N/A,N/A,Not Found
Baniachang,3350,Baniachang,Hobiganj,Sylhet,N/A,N/A,N/A,Not Found
Jatrapasha,3351,Baniachang,Hobiganj,Sylhet,N/A,N/A,N/A,Not Found
Kadirganj,3352,Baniachang,Hobiganj,Sylhet,N/A,N/A,N/A,Not Found
Chandpurbagan,3321,Chunarughat,Hobiganj,Sylhet,N/A,N/A,N/A,Not Found
Chunarughat,3320,Chunarughat,Hobiganj,Sylhet,N/A,N/A,N/A,Not Found
Narapati,3322,Chunarughat,Hobiganj,Sylhet,N/A,N/A,N/A,Not Found
Gopaya,3302,Hobiganj Sadar,Hobiganj,Sylhet,N/A,N/A,N/A,Not Found
Hobiganj Sadar,3300,Hobiganj Sadar,Hobiganj,Sylhet,N/A,N/A,N/A,Not Found
Shaestaganj,3301,Hobiganj Sadar,Hobiganj,Sylhet,N/A,N/A,N/A,Not Found
Kalauk,3340,Kalauk,Hobiganj,Sylhet,N/A,N/A,N/A,Not Found
Lakhai,3341,Kalauk,Hobiganj,Sylhet,N/A,N/A,N/A,Not Found
Itakhola,3331,Madhabpur,Hobiganj,Sylhet,N/A,N/A,N/A,Not Found
Saihamnagar,3333,Madhabpur,Hobiganj,Sylhet,N/A,N/A,N/A,Not Found
Madhabpur,3330,Madhabpur,Hobiganj,Sylhet,N/A,N/A,N/A,Not Found
Digalbak,3373,Nabiganj,Hobiganj,Sylhet,N/A,N/A,N/A,Not Found
Shahajibazar,3332,Madhabpur,Hobiganj,Sylhet,N/A,N/A,N/A,Not Found
Golduba,3372,Nabiganj,Hobiganj,Sylhet,N/A,N/A,N/A,Not Found
Goplarbazar,3371,Nabiganj,Hobiganj,Sylhet,N/A,N/A,N/A,Not Found
Inathganj,3374,Nabiganj,Hobiganj,Sylhet,N/A,N/A,N/A,Not Found
Nabiganj,3370,Nabiganj,Hobiganj,Sylhet,N/A,N/A,N/A,Not Found
Baralekha,3250,Baralekha,Moulvibazar,Sylhet,N/A,N/A,N/A,Not Found
Dhakkhinbag,3252,Baralekha,Moulvibazar,Sylhet,N/A,N/A,N/A,Not Found
Juri,3251,Baralekha,Moulvibazar,Sylhet,N/A,N/A,N/A,Not Found
Purbashahabajpur,3253,Baralekha,Moulvibazar,Sylhet,N/A,N/A,N/A,Not Found
Kamalganj,3220,Kamalganj,Moulvibazar,Sylhet,N/A,N/A,N/A,Not Found
Keramatnaga,3221,Kamalganj,Moulvibazar,Sylhet,N/A,N/A,N/A,Not Found
Patrakhola,3222,Kamalganj,Moulvibazar,Sylhet,N/A,N/A,N/A,Not Found
Munshibazar,3224,Kamalganj,Moulvibazar,Sylhet,N/A,N/A,N/A,Not Found
Shamsher Nagar,3223,Kamalganj,Moulvibazar,Sylhet,N/A,N/A,N/A,Not Found
Baramchal,3237,Kulaura,Moulvibazar,Sylhet,N/A,N/A,N/A,Not Found
Kajaldhara,3234,Kulaura,Moulvibazar,Sylhet,N/A,N/A,N/A,Not Found
Karimpur,3235,Kulaura,Moulvibazar,Sylhet,N/A,N/A,N/A,Not Found
Kulaura,3230,Kulaura,Moulvibazar,Sylhet,N/A,N/A,N/A,Not Found
Langla,3232,Kulaura,Moulvibazar,Sylhet,N/A,N/A,N/A,Not Found
Prithimpasha,3233,Kulaura,Moulvibazar,Sylhet,N/A,N/A,N/A,Not Found
Tillagaon,3231,Kulaura,Moulvibazar,Sylhet,N/A,N/A,N/A,Not Found
Afrozganj,3203,Moulvibazar Sadar,Moulvibazar,Sylhet,N/A,N/A,N/A,Not Found
Barakapan,3201,Moulvibazar Sadar,Moulvibazar,Sylhet,N/A,N/A,N/A,Not Found
Monumukh,3202,Moulvibazar Sadar,Moulvibazar,Sylhet,N/A,N/A,N/A,Not Found
Moulvibazar Sadar,3200,Moulvibazar Sadar,Moulvibazar,Sylhet,N/A,N/A,N/A,Not Found
Rajnagar,3240,Rajnagar,Moulvibazar,Sylhet,N/A,N/A,N/A,Not Found
Kalighat,3212,Srimangal,Moulvibazar,Sylhet,N/A,N/A,N/A,Not Found
Narain Chora,3211,Srimangal,Moulvibazar,Sylhet,N/A,N/A,N/A,Not Found
Khejurichhara,3213,Srimangal,Moulvibazar,Sylhet,N/A,N/A,N/A,Not Found
Satgaon,3214,Srimangal,Moulvibazar,Sylhet,N/A,N/A,N/A,Not Found
Srimangal,3210,Srimangal,Moulvibazar,Sylhet,N/A,N/A,N/A,Not Found
Chhatak,3080,Chhatak,Sunamganj,Sylhet,N/A,N/A,N/A,Not Found
Bishamsapur,3010,Bishamsarpur,Sunamganj,Sylhet,N/A,N/A,N/A,Not Found
Chhatak Cement Facto,3081,Chhatak,Sunamganj,Sylhet,N/A,N/A,N/A,Not Found
Chhatak Paper Mills,3082,Chhatak,Sunamganj,Sylhet,N/A,N/A,N/A,Not Found
Gabindaganj,3083,Chhatak,Sunamganj,Sylhet,N/A,N/A,N/A,Not Found
Chourangi Bazar,3893,Chhatak,Sunamganj,Sylhet,N/A,N/A,N/A,Not Found
Gabindaganj Natun Ba,3084,Chhatak,Sunamganj,Sylhet,N/A,N/A,N/A,Not Found
Islamabad,3088,Chhatak,Sunamganj,Sylhet,N/A,N/A,N/A,Not Found
jahidpur,3087,Chhatak,Sunamganj,Sylhet,N/A,N/A,N/A,Not Found
Khurma,3085,Chhatak,Sunamganj,Sylhet,N/A,N/A,N/A,Not Found
Dhirai Chandpur,3040,Dhirai Chandpur,Sunamganj,Sylhet,N/A,N/A,N/A,Not Found
Moinpur,3086,Chhatak,Sunamganj,Sylhet,N/A,N/A,N/A,Not Found
Jagdal,3041,Dhirai Chandpur,Sunamganj,Sylhet,N/A,N/A,N/A,Not Found
Duara bazar,3070,Duara bazar,Sunamganj,Sylhet,N/A,N/A,N/A,Not Found
Atuajan,3062,Jagnnathpur,Sunamganj,Sylhet,N/A,N/A,N/A,Not Found
Ghungiar,3050,Ghungiar,Sunamganj,Sylhet,N/A,N/A,N/A,Not Found
Hasan Fatemapur,3063,Jagnnathpur,Sunamganj,Sylhet,N/A,N/A,N/A,Not Found
Rasulganj,3064,Jagnnathpur,Sunamganj,Sylhet,N/A,N/A,N/A,Not Found
Jagnnathpur,3060,Jagnnathpur,Sunamganj,Sylhet,N/A,N/A,N/A,Not Found
Shiramsi,3065,Jagnnathpur,Sunamganj,Sylhet,N/A,N/A,N/A,Not Found
Syedpur,3061,Jagnnathpur,Sunamganj,Sylhet,N/A,N/A,N/A,Not Found
Sachna,3020,Sachna,Sunamganj,Sylhet,N/A,N/A,N/A,Not Found
Pagla,3001,Sunamganj Sadar,Sunamganj,Sylhet,N/A,N/A,N/A,Not Found
Patharia,3002,Sunamganj Sadar,Sunamganj,Sylhet,N/A,N/A,N/A,Not Found
Sunamganj Sadar,3000,Sunamganj Sadar,Sunamganj,Sylhet,N/A,N/A,N/A,Not Found
Tahirpur,3030,Tahirpur,Sunamganj,Sylhet,N/A,N/A,N/A,Not Found
Balaganj,3120,Balaganj,Sylhet,Sylhet,N/A,N/A,N/A,Not Found
Begumpur,3125,Balaganj,Sylhet,Sylhet,N/A,N/A,N/A,Not Found
Brahman Shashon,3122,Balaganj,Sylhet,Sylhet,N/A,N/A,N/A,Not Found
Gaharpur,3128,Balaganj,Sylhet,Sylhet,N/A,N/A,N/A,Not Found
Karua,3121,Balaganj,Sylhet,Sylhet,N/A,N/A,N/A,Not Found
Kathal Khair,3127,Balaganj,Sylhet,Sylhet,N/A,N/A,N/A,Not Found
Natun Bazar,3129,Balaganj,Sylhet,Sylhet,N/A,N/A,N/A,Not Found
Goala Bazar,3124,Balaganj,Sylhet,Sylhet,N/A,N/A,N/A,Not Found
Omarpur,3126,Balaganj,Sylhet,Sylhet,N/A,N/A,N/A,Not Found
Tajpur,3123,Balaganj,Sylhet,Sylhet,N/A,N/A,N/A,Not Found
Bianibazar,3170,Bianibazar,Sylhet,Sylhet,N/A,N/A,N/A,Not Found
Churkai,3175,Bianibazar,Sylhet,Sylhet,N/A,N/A,N/A,Not Found
jaldup,3171,Bianibazar,Sylhet,Sylhet,N/A,N/A,N/A,Not Found
Kurar bazar,3173,Bianibazar,Sylhet,Sylhet,N/A,N/A,N/A,Not Found
Mathiura,3172,Bianibazar,Sylhet,Sylhet,N/A,N/A,N/A,Not Found
Salia bazar,3174,Bianibazar,Sylhet,Sylhet,N/A,N/A,N/A,Not Found
Dashghar,3131,Bishwanath,Sylhet,Sylhet,N/A,N/A,N/A,Not Found
Bishwanath,3130,Bishwanath,Sylhet,Sylhet,N/A,N/A,N/A,Not Found
Deokalas,3133,Bishwanath,Sylhet,Sylhet,N/A,N/A,N/A,Not Found
Doulathpur,3132,Bishwanath,Sylhet,Sylhet,N/A,N/A,N/A,Not Found
Fenchuganj SareKarkh,3117,Fenchuganj,Sylhet,Sylhet,N/A,N/A,N/A,Not Found
Singer kanch,3134,Bishwanath,Sylhet,Sylhet,N/A,N/A,N/A,Not Found
Fenchuganj,3116,Fenchuganj,Sylhet,Sylhet,N/A,N/A,N/A,Not Found
Chiknagul,3152,Goainhat,Sylhet,Sylhet,N/A,N/A,N/A,Not Found
Goainhat,3150,Goainhat,Sylhet,Sylhet,N/A,N/A,N/A,Not Found
banigram,3164,Gopalganj,Sylhet,Sylhet,N/A,N/A,N/A,Not Found
Jaflong,3151,Goainhat,Sylhet,Sylhet,N/A,N/A,N/A,Not Found
Chandanpur,3165,Gopalganj,Sylhet,Sylhet,N/A,N/A,N/A,Not Found
Dhaka Dakkhin,3161,Gopalganj,Sylhet,Sylhet,N/A,N/A,N/A,Not Found
Dakkhin Bhadashore,3162,Gopalganj,Sylhet,Sylhet,N/A,N/A,N/A,Not Found
Gopalgannj,3160,Gopalganj,Sylhet,Sylhet,N/A,N/A,N/A,Not Found
Ranaping,3163,Gopalganj,Sylhet,Sylhet,N/A,N/A,N/A,Not Found
Jainthapur,3156,Jaintapur,Sylhet,Sylhet,N/A,N/A,N/A,Not Found
Jakiganj,3190,Jakiganj,Sylhet,Sylhet,N/A,N/A,N/A,Not Found
Ichhamati,3191,Jakiganj,Sylhet,Sylhet,N/A,N/A,N/A,Not Found
Chatulbazar,3181,Kanaighat,Sylhet,Sylhet,N/A,N/A,N/A,Not Found
Gachbari,3183,Kanaighat,Sylhet,Sylhet,N/A,N/A,N/A,Not Found
Kanaighat,3180,Kanaighat,Sylhet,Sylhet,N/A,N/A,N/A,Not Found
Manikganj,3182,Kanaighat,Sylhet,Sylhet,N/A,N/A,N/A,Not Found
Kompanyganj,3140,Kompanyganj,Sylhet,Sylhet,N/A,N/A,N/A,Not Found
Birahimpur,3106,Sylhet Sadar,Sylhet,Sylhet,N/A,N/A,N/A,Not Found
Jalalabad,3107,Sylhet Sadar,Sylhet,Sylhet,N/A,N/A,N/A,Not Found
Kadamtali,3111,Sylhet Sadar,Sylhet,Sylhet,N/A,N/A,N/A,Not Found
Jalalabad Cantoment,3104,Sylhet Sadar,Sylhet,Sylhet,N/A,N/A,N/A,Not Found
Kamalbazer,3112,Sylhet Sadar,Sylhet,Sylhet,N/A,N/A,N/A,Not Found
Khadimnagar,3103,Sylhet Sadar,Sylhet,Sylhet,N/A,N/A,N/A,Not Found
Lalbazar,3113,Sylhet Sadar,Sylhet,Sylhet,N/A,N/A,N/A,Not Found
Mogla,3108,Sylhet Sadar,Sylhet,Sylhet,N/A,N/A,N/A,Not Found
Ranga Hajiganj,3109,Sylhet Sadar,Sylhet,Sylhet,N/A,N/A,N/A,Not Found
Shahajalal Science &,3114,Sylhet Sadar,Sylhet,Sylhet,N/A,N/A,N/A,Not Found
Silam,3105,Sylhet Sadar,Sylhet,Sylhet,N/A,N/A,N/A,Not Found
Sylhe Sadar,3100,Sylhet Sadar,Sylhet,Sylhet,N/A,N/A,N/A,Not Found
Sylhet Biman Bondar,3102,Sylhet Sadar,Sylhet,Sylhet,N/A,N/A,N/A,Not Found
Sylhet Cadet Col,3101,Sylhet Sadar,Sylhet,Sylhet,N/A,N/A,N/A,Not Found